ARL#,Name,Type,target vector,Project,Vendor,Ref #,sequence
001,pTETRIS 3p seq R,Sequencing,pTETRIS CARGO,MALAT1,Thermo,67702505,CAAGTAAGACCTCTACAATGTGG
002,pTETRIS ENE 3p seq R,Sequencing,pTETRIS CARGO,MALAT1,Thermo,67702505,TGGAAACCAGGAGTGCC
003,pTETRIS 5p seq F,Sequencing,pTETRIS CARGO,MALAT1,Thermo,67702505,AGAACGTATGTCGAGGTAGG
004,DECKO insert2 gBlock,CRISPR,pDECKO,MALAT1,IDT,21368384,gttttagagctagaaatagcaagttaaaataaggctagtccgttatcaacttgaaaaagtggcaccgagtcggtgcttttttgaacgctgacgtcatcaacccgctccaaggaatcgcgggcccagtgtcactaggcgggaacacccagcgcgcgtgcgccctggcaggaagatggctgtgagggacaggggagtggcgccctgcaatatttgcatgtcgctatgtgttctgggaaatcaccataaacgtgaaatgtctttggatttgggagtcttataagttctgtatgagaccac
005,DECKO insert2 F,CRISPR,pDECKO,MALAT1,Thermo,67999557,gttttagagctagaaatagcaag
006,DECKO insert2 R,CRISPR,pDECKO,MALAT1,Thermo,67999557,gtggtctcatacagaacttataag
007,MALAT1_C DECKO 1R,CRISPR,pDECKO,MALAT1,Thermo,67999557,caactgagccccagccggtgtttcgtcctttccacaagat
008,MALAT1_C DECKO 2F,CRISPR,pDECKO,MALAT1,Thermo,67999557,caccggctggggctcagttgcgtaaGTTTTAGAGCTAGAAGAGAC
009,Universal DECKO 3R,CRISPR,pDECKO,MALAT1,Thermo,67999557,GAGACGGGATCCTAGGAATTCCGTCTCTTCTAGCTCTAAAAC
010,Universal DECKO 4F,CRISPR,pDECKO,MALAT1,Thermo,67999557,TTCCTAGGATCCCGTCTCTCTGTatgagaccactctttccc
011,MALAT1_C DECKO 5R,CRISPR,pDECKO,MALAT1,Thermo,67999557,aacccgtcatgttttagaaacctgggaaagagtggtctcat
012,MALAT1_C DECKO 6F,CRISPR,pDECKO,MALAT1,Thermo,67999557,tctaaaacatgacgggttttagagctagaaatagcaagtt
013,MALAT1_A DECKO 1R,CRISPR,pDECKO,MALAT1,Thermo,67999557,AATTGAGAACAGCTGcggtgtttcgtcctttccacaagat
014,MALAT1_A 2F,CRISPR,pDECKO,MALAT1,Thermo,67999557,caccgCAGCTGTTCTCAATTGACGCGTTTTAGAGCTAGAAGAGAC
015,MALAT1_A DECKO 5R,CRISPR,pDECKO,MALAT1,Thermo,67999557,aacCTTAAGCGCAGCGCCATTTTgggaaagagtggtctcat
016,MALAT1_A DECKO 6F,CRISPR,pDECKO,MALAT1,Thermo,67999557,GGCGCTGCGCTTAAGgttttagagctagaaatagcaagtt
017,EcoRI TRE F,Cloning,pDexTet,MALAT1,Thermo,68327953,ggacgaattcCCTTTCGTCTTCACTCGAGTTTAC
018,XbaI TRE R,Cloning,pDexTet,MALAT1,Thermo,68327953,gcgctctagaaccggtcTCCAGGCGATCTGACGG
019,Stop-UBC-rtTA F,Cloning,pDexTet,MALAT1,Thermo,68327953,acgatgacgataagggatAAAGATGGTTAATTAACCCACCCAAG
020,P2A rtTA R,Cloning,pDexTet,MALAT1,Thermo,68327953,aagtttgttgcgccGGACCCGGGGAGCATGTC
021,DECKO TRE amp F,Cloning,pDexTet,MALAT1,Thermo,68327953,CTTAATTAACCGTTTgagggcctatttcccatgattcc
022,dCas9 TRE amp R,Cloning,pDexTet,MALAT1,Thermo,68327953,TTCTTGTCCATGCCCGCGGCagcgctctagaaccggtc
023,Flag-stop amp F,Cloning,pDexTet,MALAT1,Thermo,68327953,AGAAGAGAAAGGTAGGCgattacaaagacgatgacgataaggg
024,T2A rtTA amp R,Cloning,pDexTet,MALAT1,Thermo,68327953,CCCTCTCCGCTTCCGctCCCGGGGAGCATGTCAAG
025,dCas9 NLS amp F,Cloning,pDexTet,MALAT1,Thermo,68327953,GCTCGGAGGGGATgccCCCAAGAAGAAGAGGAAGGTG
026,dCas9 BsmBI-del amp R,Cloning,pDexTet,MALAT1,Thermo,68327953,ctcgtTtcttcatcgggatcctccaac
027,dCas9 BsmBI-del amp F,Cloning,pDexTet,MALAT1,Thermo,68327953,cgatgaagaAacgagccaggctgtcaaag
028,Blast amp R,Cloning,pDexTet,MALAT1,Thermo,68327953,ACATCGTCGAGTGGCGAATTCttaGCCCTCCCACAC
029,Rta AD Flag amp F,Cloning,pDexTet,MALAT1,Thermo,68327953,acacatctctgtttGGCgattacaaagacgatgacgataaggg
030,U6 seq F,Sequencing,pDECKO,MALAT1,Thermo,68653088,ggcctatttcccatgattcc
031,DECKO insert seq F,Sequencing,pDECKO,MALAT1,Thermo,68653088,atggactatcatatgcttaccg
032,DECKO insert seq R,Sequencing,pDECKO,MALAT1,Thermo,68653088,gtctcaagatctagttacgcc
033,Cas9 upstream seq R,Sequencing,pDexTet,MALAT1,Thermo,68653088,GGCACCTTGTACTCGTC
034,HNU1-1 RT 16,MaP,seq libraries,snRNA,IDT,317095061,CAGGGGAAAGCGCGAA
035,HNU1-1 RT 15,MaP,seq libraries,snRNA,IDT,317095062,CAGGGGAAAGCGCGA
036,HNU1-1 XT i7 s1 F,MaP,seq libraries,snRNA,IDT,317095063,GTCTCGTGGGCTCGGAGATGTGTATAAGAGACAGNNNNNATACTTACCTGGCAGGG
037,HNU1-1 XT i5 s1 R 16,MaP,seq libraries,snRNA,IDT,317095064,TCGTCGGCAGCGTCAGATGTGTATAAGAGACAGNNNNNCAGGGGAAAGCGCGAA
038,HNU1-1 XT i5 s1 R 15,MaP,seq libraries,snRNA,IDT,317095065,TCGTCGGCAGCGTCAGATGTGTATAAGAGACAGNNNNNCAGGGGAAAGCGCGA
039,i5 Index2 135,Sequencing,seq libraries,snRNA,IDT,317095049,AATGATACGGCGACCACCGAGATCTACACAAGAAATCGTCGGCAGCGTC
040,i5 Index2 136,Sequencing,seq libraries,snRNA,IDT,317095050,AATGATACGGCGACCACCGAGATCTACACTCTTCATCGTCGGCAGCGTC
041,i5 Index2 137,Sequencing,seq libraries,snRNA,IDT,317095051,AATGATACGGCGACCACCGAGATCTACACAAGCTGTCGTCGGCAGCGTC
042,i5 Index2 138,Sequencing,seq libraries,snRNA,IDT,317095052,AATGATACGGCGACCACCGAGATCTACACTCCGGCTCGTCGGCAGCGTC
043,i5 Index2 139,Sequencing,seq libraries,snRNA,IDT,317095053,AATGATACGGCGACCACCGAGATCTACACCCTAGATCGTCGGCAGCGTC
044,i5 Index2 140,Sequencing,seq libraries,snRNA,IDT,317095054,AATGATACGGCGACCACCGAGATCTACACTGATTTTCGTCGGCAGCGTC
045,i7 Index1 1374,Sequencing,seq libraries,snRNA,IDT,317095055,CAAGCAGAAGACGGCATACGAGATCGGTAGGATGTCTCGTGGGCTCGG
046,i7 Index1 1375,Sequencing,seq libraries,snRNA,IDT,317095056,CAAGCAGAAGACGGCATACGAGATGCCATTCTAGTCTCGTGGGCTCGG
047,i7 Index1 1376,Sequencing,seq libraries,snRNA,IDT,317095057,CAAGCAGAAGACGGCATACGAGATTAAGTCGCGGTCTCGTGGGCTCGG
048,i7 Index1 1377,Sequencing,seq libraries,snRNA,IDT,317095058,CAAGCAGAAGACGGCATACGAGATGGGTGTTCGGTCTCGTGGGCTCGG
049,i7 Index1 1378,Sequencing,seq libraries,snRNA,IDT,317095059,CAAGCAGAAGACGGCATACGAGATACCGGGCATGTCTCGTGGGCTCGG
050,i7 Index1 1379,Sequencing,seq libraries,snRNA,IDT,317095060,CAAGCAGAAGACGGCATACGAGATTCGAAAGCAGTCTCGTGGGCTCGG
051,Hs RMRP RT 15,MaP,seq libraries,snRNA,IDT,317095066,ACAGCCGCGCTGAGA
052,HsRMRP XT i7 s1 F,MaP,seq libraries,snRNA,IDT,317095067,GTCTCGTGGGCTCGGAGATGTGTATAAGAGACAGNNNNNGGTTCGTGCTGAAGGC
053,HsRMRP XT i5 s1 R,MaP,seq libraries,snRNA,IDT,317095068,TCGTCGGCAGCGTCAGATGTGTATAAGAGACAGNNNNNACAGCCGCGCTGAGA
054,Hs RPPH1 RT 19,MaP,seq libraries,snRNA,IDT,317095069,AATGGGCGGAGGAGAGTAG
055,HsRPPH1 XT i7 s1 F,MaP,seq libraries,snRNA,IDT,317095070,GTCTCGTGGGCTCGGAGATGTGTATAAGAGACAGNNNNNATAGGGCGGAGGGAAGC
056,HsRPPH1 XT i5 s1 R,MaP,seq libraries,snRNA,IDT,317095071,TCGTCGGCAGCGTCAGATGTGTATAAGAGACAGNNNNNAATGGGCGGAGGAGAGTAG
057,Hs MALAT1 EA i5 s1 R,MaP,seq libraries,MALAT1,IDT,322807270,TCGTCGGCAGCGTCAGATGTGTATAAGAGACAGNNNNNAAGCCGCCTGCTACC
058,Hs MALAT1 EA i7 s1 F,MaP,seq libraries,MALAT1,IDT,322807271,GTCTCGTGGGCTCGGAGATGTGTATAAGAGACAGNNNNNGGAAGAGTTAGAAGAATTTGG
059,Hs MALAT1 EB i5 s1 R,MaP,seq libraries,MALAT1,IDT,322807272,TCGTCGGCAGCGTCAGATGTGTATAAGAGACAGNNNNNAGGATTCTAGACAGACCTAAG
060,Hs MALAT1 EB i7 s1 F,MaP,seq libraries,MALAT1,IDT,322807273,GTCTCGTGGGCTCGGAGATGTGTATAAGAGACAGNNNNNGGAGTTTCGTACTGAGG
061,Hs MALAT1 MH i5 s1 R,MaP,seq libraries,MALAT1,IDT,322807274,TCGTCGGCAGCGTCAGATGTGTATAAGAGACAGNNNNNGCTTTGTTGTCTCTCCTG
062,Hs MALAT1 MH i7 s1 F,MaP,seq libraries,MALAT1,IDT,322807275,GTCTCGTGGGCTCGGAGATGTGTATAAGAGACAGNNNNNCATGCAGGAACACTCAG
063,Hs MALAT1 SINE i5 s1 R,MaP,seq libraries,MALAT1,IDT,322807276,TCGTCGGCAGCGTCAGATGTGTATAAGAGACAGNNNNNTCTAAGTTTGTACATTTTGCCC
064,Hs MALAT1 SINE i7 s1 F,MaP,seq libraries,MALAT1,IDT,322807277,GTCTCGTGGGCTCGGAGATGTGTATAAGAGACAGNNNNNCCAATAGAAGGGCAATGC
065,Hs MALAT1 EA RT,MaP,seq libraries,MALAT1,IDT,322807278,AAGCCGCCTGCTACC
066,Hs MALAT1 EB RT,MaP,seq libraries,MALAT1,IDT,322807279,AGGATTCTAGACAGACCTAAG
067,Hs MALAT1 MH RT,MaP,seq libraries,MALAT1,IDT,322807280,GCTTTGTTGTCTCTCCTG
068,Hs MALAT1 SINE RT,MaP,seq libraries,MALAT1,IDT,322807281,TCTAAGTTTGTACATTTTGCCC
069,i5 Index2 141,Sequencing,seq libraries,snRNA,IDT,324404045,AATGATACGGCGACCACCGAGATCTACACGTACACACTCGTCGGCAGCGTC
070,i7 Index1 1380,Sequencing,seq libraries,snRNA,IDT,324404046,CAAGCAGAAGACGGCATACGAGATATTCCAAGCGTCTCGTGGGCTCGG
071,i5 Index2 142,Sequencing,seq libraries,snRNA,IDT,324426267,AATGATACGGCGACCACCGAGATCTACACCTGATGCATCGTCGGCAGCGTC
072,i7 Index1 1381,Sequencing,seq libraries,snRNA,IDT,324426268,CAAGCAGAAGACGGCATACGAGATCATGCCTACGTCTCGTGGGCTCGG
073,NEAT1 helix F,qPCR ,NEAT1 gene,MALAT1,IDT,326786095,CAGTCTTGCTCTAGCCCCAC
074,NEAT1 helix R,qPCR ,NEAT1 gene,MALAT1,IDT,326786096,GATGGCATCAGTAGCCTCCC
075,LTBP3 F,qPCR ,LTBP3 gene,MALAT1,IDT,406411635,GCTCCCACTCAGGTCACAGA
076,LTBP3 R,qPCR ,LTBP3 gene,MALAT1,IDT,406411636,CGTTCACATCCACGCAGTAGC
077,ACTB F,qPCR ,ACTB gene,General,IDT,405645223,CCAGCTCACCATGGATGATGATATC
078,ACTB R,qPCR ,ACTB gene,General,IDT,405645224,GGAATCCTTCTGACCCATGCC
079,SCYL1  F,qPCR ,SCYL1 gene,MALAT1,IDT,326786101,AGGAGGAGGACAAGGACACA
080,SCYL1  R,qPCR ,SCYL1 gene,MALAT1,IDT,326786102,CTCGGCCTCCTGCTCCAG
081,PCNX3 F,qPCR ,PCNX3 gene,MALAT1,IDT,326786103,CCTGGAGATCCCGGAGGAG
082,PCNX3 R,qPCR ,PCNX3 gene,MALAT1,IDT,326786104,CTCATAGCGCACAGAGGTCC
083,MAP3K11 F,qPCR ,MAP3K11 gene,MALAT1,IDT,326786105,ATTGGAGGCTTTGGCAAGGT
084,MAP3K11 R,qPCR ,MAP3K11 gene,MALAT1,IDT,326786106,TCGGCTGTCACACTGATGTC
085,LTBP3 paper F,qPCR ,LTBP3 gene,MALAT1,IDT,328066609,TCCCACTCAGGTCACAGAG
086,LTBP3 paper R,qPCR ,LTBP3 gene,MALAT1,IDT,328066610,TTCACATCCACGCAGTAGC
087,EHBP1L1 F,qPCR ,EHBP1L1 gene,MALAT1,IDT,406411637,GCAGCTCGTTCTCGATGGAC
088,EHBP1L1 R,qPCR ,EHBP1L1 gene,MALAT1,IDT,406411638,GTTGAGAGTCTGCAGCTGTGG
089,NEAT1 polyA F,qPCR ,NEAT1 gene,MALAT1,IDT,326786111,CCACAACGCAGATTGATGCC
090,NEAT1 polyA R,qPCR ,NEAT1 gene,MALAT1,IDT,326786112,GAAACGCACAAGAAGGCAGG
091,CDC42EP2 paper F,qPCR ,CDC42EP2 gene,MALAT1,IDT,328066607,tgagaccttgctgtccgc
092,CDC42EP2 paper R,qPCR ,CDC42EP2 gene,MALAT1,IDT,328066608,ACTTTGGTCTTGTCACCGAG
093,SCYL1 paper F,qPCR ,SCYL1 gene,MALAT1,IDT,328066613,AGCAGTTCATCCAGTACCTTG
094,SCYL1 paper R,qPCR ,SCYL1 gene,MALAT1,IDT,328066614, TGGCCTCGTTCAGCTTTG
095,Hotair F,qPCR ,Hotair,MALAT1,IDT,406710173,GATCCGAAAGCTTCCACAGTGA
096,Hotair R,qPCR ,Hotair,MALAT1,IDT,406710174,GCACCTCCGGGATATTAGGGA
097,NEAT1 paper F,qPCR ,NEAT1,MALAT1,IDT,328066617,GTGGCTGTTGGAGTCGGTAT
098,NEAT1 paper R,qPCR ,NEAT1,MALAT1,IDT,328066618,TAACAAACCACGGTCCATGA
099,MAP3K11 paper F,qPCR ,MAP3K11 gene,MALAT1,IDT,328066619,ATGTGCTGGTCAACTGGG
100,MAP3K11 paper R,qPCR ,MAP3K11 gene,MALAT1,IDT,328066620,CGTCACTCTCAATGGGCTG
101,TIGD3 paper F,qPCR ,TIGD3 gene,MALAT1,IDT,328066621,GCACTTCTCCTGAGCTATTCG
102,TIGD3 paper R,qPCR ,TIGD3 gene,MALAT1,IDT,328066622,CCGATCTGCCTTCTGAAGAG
103,EHBP1L1 paper F,qPCR ,EHBP1L1 gene,MALAT1,IDT,328066623,CGAGCTAGTGTTGGAGTGC
104,EHBP1L1 paper R,qPCR ,EHBP1L1 gene,MALAT1,IDT,328066624,CGGTATGGGTTCTGGATGC
105,ZNRD2 F,qPCR ,ZNRD2 gene,MALAT1,IDT,406411639,CCTGAACGGAGCTGAAGTCG
106,ZNRD2 R,qPCR ,ZNRD2 gene,MALAT1,IDT,406411640,GTAACCGCGCAGCAGATAGT
107,MASC F,qPCR ,MASC element,MALAT1,IDT,406710177,GATGCTGGTGGTTGGCACT
108,MASC R,qPCR ,MASC element,MALAT1,IDT,406710178,AGACGCCGCAGGGATTTG
109,DFP2 paper F,qPCR ,DFP2 gene,MALAT1,IDT,328066629,GAACAGGGAAGATGGCGG
110,DFP2 paper R,qPCR ,DFP2 gene,MALAT1,IDT,328066630,TGTGAGTCCAAGAAAGGCAG
111,GAPDH F,qPCR ,GAPDH gene,General,IDT,405645225,GATGCTGGCGCTGAGTACG
112,GAPDH R,qPCR ,GAPDH gene,General,IDT,405645226,GTTCACACCCATGACGAACATG
113,NFE2L2 F,qPCR ,NFE2L2 gene,NRF2,IDT,402182036,AGTGGATCTGCCAACTACTC
114,NFE2L2 R,qPCR ,NFE2L2 gene,NRF2,IDT,402182037,CATCTACAAACGGGAATGTCTG
115,TALDO1 F,qPCR ,TALDO1 gene,NRF2,IDT,402182038,GGCCGAGTATCCACAGAAGT
116,TALDO1 R,qPCR ,TALDO1 gene,NRF2,IDT,402182039,TTGTAGAGCTCGATGAGCCG
117,OSGIN1 F,qPCR ,OSGIN1 gene,NRF2,IDT,402182040,GAGCCTGGCACTCCATCGAA
118,OSGIN1 R,qPCR ,OSGIN1 gene,NRF2,IDT,402182041,CCCTGTAGTAGTGGGCGATG
119,SLC7A11 F,qPCR ,SLC7A11  gene,NRF2,IDT,402182042,TGTGTGGGGTCCTGTCACTA
120,SLC7A11 R,qPCR ,SLC7A11  gene,NRF2,IDT,402182043,CAGTAGCTGCAGGGCGTATT
121,NQO1 F,qPCR ,NQO1 gene,NRF2,IDT,402182044,TGCTGCAGCGGCTTTGAAGAAG
122,NQO1 R,qPCR ,NQO1 gene,NRF2,IDT,402182045,GCAGGGTCCTTCAGTTTACCTGTG
123,GCLC F,qPCR ,GCLC gene,NRF2,IDT,402182046,GAGGTCAAACCCAACCCAGT
124,GCLC R,qPCR ,GCLC gene,NRF2,IDT,402182047,TGTTAAGGTACTGAAGCGAGGG
125,RPL13a F,qPCR ,RPL13a ,General,IDT,402182048,CATAGGAAGCTGGGAGCAAG
126,RPL13a R,qPCR ,RPL13a ,General,IDT,402182049,GCCCTCCAATCAGTCTTCTG
127,DFP2 F,qPCR ,DFP2 gene,MALAT1,IDT,405645227,GGAACAGGGAAGATGGCGG
128,DFP2 R,qPCR ,DFP2 gene,MALAT1,IDT,405645228,TGAGTCCAAGAAAGGCAGGC
129,KEAP1 F,qPCR ,KEAP1 gene,NRF2,IDT,406710179,GAACGAGTGGCGAATGATCACA
130,KEAP1 R,qPCR ,KEAP1 gene,NRF2,IDT,406710180,GTTTCCACATCGTAGCGCTCC
131,PCNX3 F,qPCR ,PCNX3 gene,MALAT1,IDT,405645231,GATCCCGGAGGAGCAGACA
132,PCNX3 R,qPCR ,PCNX3 gene,MALAT1,IDT,405645232,CTCATAGCGCACAGAGGTCC
133,MAP3K11 F,qPCR ,MAP3K11 gene,MALAT1,IDT,405645233,GTGCTGGTCAACTGGGCTG
134,MAP3K11 R,qPCR ,MAP3K11 gene,MALAT1,IDT,405645234,GTCGTCACTCTCAATGGGCTG
135,NFE2L2 F,qPCR ,NFE2L2 gene,NRF2,IDT,406710175,CCAGTGGATCTGCCAACTACTC
136,NFE2L2 R,qPCR ,NFE2L2 gene,NRF2,IDT,406710176,CTACAAACGGGAATGTCTGCGC
137,FRMD8 F,qPCR ,FRMD8,MALAT1,IDT,405645237,GCCCATCTTGTGGCTGGAG
138,FRMD8 R,qPCR ,FRMD8,MALAT1,IDT,405645238,GGCTCAGTTCGATGCAGTACTC
139,TEAD1 F,qPCR ,TEAD1 gene,MALAT1,IDT,405645239,GGACAGGCAAGACGAGGAC
140,TEAD1 R,qPCR ,TEAD1 gene,MALAT1,IDT,405645240,GCAGGGCCTTATCCTTTGCA
141,RPPH1 F,qPCR ,RPPH1 gene,General,IDT,405645241,GCTGAGTGCGTCCTGTCAC
142,RPPH1 R,qPCR ,RPPH1 gene,General,IDT,405645242,GCATCTCCTGCCCAGTCTG
143,POLR2L F,qPCR ,POLR2L gene,General,IDT,405645243,TGTACGCTGCTTCACTTGTGG
144,POLR2L R,qPCR ,POLR2L gene,General,IDT,405645244,GGCAGCAGTAGCGCTTCAG
145,NEAT1 A DECKO 1R,CRISPR,pDECKO,MALAT1,IDT,406411641,GGGCTGATAGCGTCCCGGTGTTTCGTCCTTTCCACAAGAT
146,NEAT1 A DECKO 2F,CRISPR,pDECKO,MALAT1,IDT,406411642,CACCGGGACGCTATCAGCCCGCAGCGTTTTAGAGCTAGAAGAGAC
147,NEAT1 A DECKO 5R,CRISPR,pDECKO,MALAT1,IDT,406411643,AACGTCGCTAACTCCGGCTGGACGGGAAAGAGTGGTCTCAT
148,NEAT1 A DECKO 6F,CRISPR,pDECKO,MALAT1,IDT,406411644,GCCGGAGTTAGCGACGTTTTAGAGCTAGAAATAGCAAGTT
149,NEAT1 B DECKO 1R,CRISPR,pDECKO,MALAT1,IDT,406411645,ACGCAGGCGAAATGTCCGGTGTTTCGTCCTTTCCACAAGAT
150,NEAT1 B DECKO 2F,CRISPR,pDECKO,MALAT1,IDT,406411646,ACCGGACATTTCGCCTGCGTCTGTGGTTTTAGAGCTAGAAGAGAC
151,NEAT1 B DECKO 5R,CRISPR,pDECKO,MALAT1,IDT,406411647,AACGTCGCTAACTCCGGCTGGACGGGAAAGAGTGGTCTCAT
152,NEAT1 B DECKO 6F,CRISPR,pDECKO,MALAT1,IDT,406411648,GCCGGAGTTAGCGACGTTTTAGAGCTAGAAATAGCAAGTT
153,NEAT1 C DECKO 1R,CRISPR,pDECKO,MALAT1,IDT,406411649,CTAACTCCGGCTGGACCGGTGTTTCGTCCTTTCCACAAGAT
154,NEAT1 C DECKO 2F,CRISPR,pDECKO,MALAT1,IDT,406411650,ACCGGTCCAGCCGGAGTTAGCGACGTTTTAGAGCTAGAAGAGACG
155,NEAT1 C DECKO 5R,CRISPR,pDECKO,MALAT1,IDT,406411651,AACTCGAGCTAAGTTCAGTTCCACGGGAAAGAGTGGTCTCA
156,NEAT1 C DECKO 6F,CRISPR,pDECKO,MALAT1,IDT,406411652,CTGAACTTAGCTCGAGTTTTAGAGCTAGAAATAGCAAGTT
157,MALAT1 SECKO A F,CRISPR,pDECKO,MALAT1,IDT,406411653,GCTCTTCAGTAGGGTCATGAgttttagagctagaaatagcaagtt
158,MALAT1 SECKO A R,CRISPR,pDECKO,MALAT1,IDT,406411654,TCATGACCCTACTGAAGAGCcggtgtttcgtcctttccacaagat
159,MALAT1 SECKO B F,CRISPR,pDECKO,MALAT1,IDT,406411655,GAAAACAACACGTATTGTTTTCTCgttttagagctagaaatagcaagtt
160,MALAT1 SECKO B R,CRISPR,pDECKO,MALAT1,IDT,406411656,GAGAAAACAATACGTGTTGTTTTCcggtgtttcgtcctttccacaagat
161,MALAT1 SECKO C F,CRISPR,pDECKO,MALAT1,IDT,406411657,GTTTTCTCAGGTTTTGCTTTTgttttagagctagaaatagcaagtt
162,MALAT1 SECKO C  R,CRISPR,pDECKO,MALAT1,IDT,406411658,AAAAGCAAAACCTGAGAAAACAcggtgtttcgtcctttccacaagat
163,NEAT1 SECKO A F,CRISPR,pDECKO,MALAT1,IDT,406411659,GTTTCTTTTACTGAGTGCAGCCCAgttttagagctagaaatagcaagtt
164,NEAT1 SECKO A R,CRISPR,pDECKO,MALAT1,IDT,406411660,TGGGCTGCACTCAGTAAAAGAAACcggtgtttcgtcctttccacaagat
165,NEAT1 SECKO B F,CRISPR,pDECKO,MALAT1,IDT,406411661,GTGCAGCCCATGGCCGCACTCgttttagagctagaaatagcaagtt
166,NEAT1 SECKO B R,CRISPR,pDECKO,MALAT1,IDT,406411662,GAGTGCGGCCATGGGCTGCACcggtgtttcgtcctttccacaagat
167,NEAT1 SECKO C F,CRISPR,pDECKO,MALAT1,IDT,406411663,TGGCCGCACTCAGGTTTTGCgttttagagctagaaatagcaagtt
168,NEAT1 SECKO C R,CRISPR,pDECKO,MALAT1,IDT,406411664,GCAAAACCTGAGTGCGGCCAcggtgtttcgtcctttccacaagat
169,KEAP1 SECKO A F,CRISPR,pDECKO,NRF2,IDT,406411665,gcagccagatcccaggcctaggttttagagctagaaatagcaagtt
170,KEAP1 SECKO A R,CRISPR,pDECKO,NRF2,IDT,406411666,ctaggcctgggatctggctgccggtgtttcgtcctttccacaagat
171,KEAP1 SECKO B F,CRISPR,pDECKO,NRF2,IDT,406411667,gaaccccatgcagccagatcccgttttagagctagaaatagcaagtt
172,KEAP1 SECKO B R,CRISPR,pDECKO,NRF2,IDT,406411668,gggatctggctgcatggggttccggtgtttcgtcctttccacaagat
173,NFE2L2 SECKO A F,CRISPR,pDECKO,NRF2,IDT,406411669,gtccacagctcatcatgatggactgttttagagctagaaatagcaagtt
174,NFE2L2 SECKO A R,CRISPR,pDECKO,NRF2,IDT,406411670,agtccatcatgatgagctgtggaccggtgtttcgtcctttccacaagat
175,NFE2L2 SECKO B F,CRISPR,pDECKO,NRF2,IDT,406411671,gactcccgtcccagcaggacagttttagagctagaaatagcaagtt
176,NFE2L2 SECKO B R,CRISPR,pDECKO,NRF2,IDT,406411672,tgtcctgctgggacgggagtccggtgtttcgtcctttccacaagat
177,NFE2L2 SECKO B F,CRISPR,pDECKO,NRF2,IDT,406411673,cagctcatcatgatggacttggagcgttttagagctagaaatagcaagtt
178,NFE2L2 SECKO B R,CRISPR,pDECKO,NRF2,IDT,406411674,gctccaagtccatcatgatgagctgcggtgtttcgtcctttccacaagat
179,Hs RN7SK RT 21,MaP,seq libraries,snRNA,IDT,410241232,AAAAGAAAGGCAGACTGCCAC
180,Hs RN7SK XT i7 s1 F,MaP,seq libraries,snRNA,IDT,410241233,GTCTCGTGGGCTCGGAGATGTGTATAAGAGACAGNNNNNGGATGTGAGGGCGATCTG
181,Hs RN7SK XT i5 s1 R,MaP,seq libraries,snRNA,IDT,410241234,TCGTCGGCAGCGTCAGATGTGTATAAGAGACAGNNNNNAAAAGAAAGGCAGACTGCCAC
182,Hs RN7SL RT 18,MaP,seq libraries,snRNA,IDT,410241235,AGAGACGGGGTCTCGCTA
183,Hs RN7SL XT i7 s1 F,MaP,seq libraries,snRNA,IDT,410241236,GTCTCGTGGGCTCGGAGATGTGTATAAGAGACAGNNNNNGCGTGCCTGTAGTCCCAG
184,Hs RN7SL XT i5 s1 R,MaP,seq libraries,snRNA,IDT,410241237,TCGTCGGCAGCGTCAGATGTGTATAAGAGACAGNNNNNAGAGACGGGGTCTCGCTA
185,Hs mascRNA XT i7 s1 F,MaP,seq libraries,MALAT1,IDT,412521929,GTCTCGTGGGCTCGGAGATGTGTATAAGAGACAGNNNNNGATGCTGGTGGTTGGCACT
186,Hs mascRNA XT i7 s1 F,MaP,seq libraries,MALAT1,IDT,412521930,TCGTCGGCAGCGTCAGATGTGTATAAGAGACAGNNNNNAGACGCCGCAGGGATTTG
187,MALAT1 3P T7 irN R,IVT,Northern probes,MALAT1,IDT,412692140,TAATACGACTCACTATAGGAGATCAGCTTCCGCTAAGATGC
188,MALAT1 3P irN F,IVT,Northern probes,MALAT1,IDT,412692141,AGGCATTTGAGTGGCTGAGAGG
189,MALAT1 5P T7 irN R,IVT,Northern probes,MALAT1,IDT,412692142,TAATACGACTCACTATAGGTTCCTGGAATCCTGTCTGCTG
190,MALAT1 5P irN F,IVT,Northern probes,MALAT1,IDT,412692143,AAATCCTGAGGACTAGCATTAATTGACAGC
191,MALAT1 C Sanger F,Sanger,MALAT1,MALAT1,IDT,413594944,GTCTTGGGAGCAAGTCGCA
192,CDC42 UCUAA-1 i7 s1 F,MaP,CDC42,Pus7-pseudoU,IDT,415639182,GTCTCGTGGGCTCGGAGATGTGTATAAGAGACAGNNNNNAGGAAGGAGTATAGTAAATGCC
193,CDC42 UCUAA-1 i5 s1 R,MaP,CDC42,Pus7-pseudoU,IDT,415639183,TCGTCGGCAGCGTCAGATGTGTATAAGAGACAGNNNNNGATGTCTGTCTTCTAGCACC
194,CDC42 Psi i7 s1 F,MaP,CDC42,Pus7-pseudoU,IDT,415639184,GTCTCGTGGGCTCGGAGATGTGTATAAGAGACAGNNNNNCCATTTGCTGATTTTTTTGGG
195,CDC42 Psi i5 s1 R,MaP,CDC42,Pus7-pseudoU,IDT,415639185,TCGTCGGCAGCGTCAGATGTGTATAAGAGACAGNNNNNCTGCTCTAGGGTTCCTCATATGC
196,CDC42 UCUAG-3 i7 s1 F,MaP,CDC42,Pus7-pseudoU,IDT,415639186,GTCTCGTGGGCTCGGAGATGTGTATAAGAGACAGNNNNNGTTATGTAGAGGAAATACGAGGG
197,CDC42 UCUAG-3 i5 s1 R,MaP,CDC42,Pus7-pseudoU,IDT,415639187,TCGTCGGCAGCGTCAGATGTGTATAAGAGACAGNNNNNACATCTGAAAAGAATGCATATAC
198,CDC42 UCUAA-1 RT,MaP,CDC42,Pus7-pseudoU,IDT,415639188,GATGTCTGTCTTCTAGCACC
199,CDC42 Psi RT,MaP,CDC42,Pus7-pseudoU,IDT,415639189,CTGCTCTAGGGTTCCTCATATGC
200,CDC42 UCUAG-3 RT,MaP,CDC42,Pus7-pseudoU,IDT,415639190,ACATCTGAAAAGAATGCATATAC
201,CTDSP2 UUUAG-5 i7 s1 F,MaP,CTCSP2,Pus7-pseudoU,IDT,415639191,GTCTCGTGGGCTCGGAGATGTGTATAAGAGACAGNNNNNGCCTTCAGTTAACATGGGACC
202,CTDSP2 UUUAG-5 i5 s1 R,MaP,CTCSP2,Pus7-pseudoU,IDT,415639192,TCGTCGGCAGCGTCAGATGTGTATAAGAGACAGNNNNNCTGGCTGAATGTAAATATTTACC
203,CTDSP2 UCUAA-4 i7 s1 F,MaP,CTCSP2,Pus7-pseudoU,IDT,415639193,GTCTCGTGGGCTCGGAGATGTGTATAAGAGACAGNNNNNGCCTCATTTAGAAAGAAAATCCC
204,CTDSP2 UCUAA-4 i5 s1 R,MaP,CTCSP2,Pus7-pseudoU,IDT,415639194,TCGTCGGCAGCGTCAGATGTGTATAAGAGACAGNNNNNCCTACCCTCCAAATGGCATCTTG
205,CTDSP2 Psi i7 s1 F,MaP,CTCSP2,Pus7-pseudoU,IDT,415639195,GTCTCGTGGGCTCGGAGATGTGTATAAGAGACAGNNNNNCAAGTATATGAGAAAGGTAAGTCC
206,CTDSP2 Psi i5 s1 R,MaP,CTCSP2,Pus7-pseudoU,IDT,415639196,TCGTCGGCAGCGTCAGATGTGTATAAGAGACAGNNNNNGCATTTCAAGTTTTTGAATACAAC
207,CTDSP2 UUUAA-6 i7 s1 F,MaP,CTCSP2,Pus7-pseudoU,IDT,415639197,GTCTCGTGGGCTCGGAGATGTGTATAAGAGACAGNNNNNCAAGATGCCATTTGGAGGGTAGG
208,CTDSP2 UUUAA-6 i5 s1 R,MaP,CTCSP2,Pus7-pseudoU,IDT,415639198,TCGTCGGCAGCGTCAGATGTGTATAAGAGACAGNNNNNTTCCTGGAAAGGTTTTTTAAACCC
209,CTDSP2 UUUAG-5 RT,MaP,CTCSP2,Pus7-pseudoU,IDT,415639199,CTGGCTGAATGTAAATATTTACC
210,CTDSP2 UCUAA-4 RT,MaP,CTCSP2,Pus7-pseudoU,IDT,415639200,CCTACCCTCCAAATGGCATCTTG
211,CTDSP2 Psi RT,MaP,CTCSP2,Pus7-pseudoU,IDT,415639201,GCATTTCAAGTTTTTGAATACAAC
212,CTDSP2 UUUAA-6 RT,MaP,CTCSP2,Pus7-pseudoU,IDT,415639202,TTCCTGGAAAGGTTTTTTAAACCC
213,ENSA UCUAG-1 i7 s1 F,MaP,ENSA,Pus7-pseudoU,IDT,415639203,GTCTCGTGGGCTCGGAGATGTGTATAAGAGACAGNNNNNTTTTCCAAATAACAGTTGGG
214,ENSA Psi i7 s1 F,MaP,ENSA,Pus7-pseudoU,IDT,415639204,GTCTCGTGGGCTCGGAGATGTGTATAAGAGACAGNNNNNCAGTTGGGAGAAATATCAATG
215,ENSA Psi or UCUAG-1 i5 s1 R,MaP,ENSA,PUS7,IDT,436257825,TCGTCGGCAGCGTCAGATGTGTATAAGAGACAGNNNNNCCTTCTTCCCACAGCAAATC
216,ENSA UCUAG-2 i7 s1 F,MaP,ENSA,Pus7-pseudoU,IDT,415639206,GTCTCGTGGGCTCGGAGATGTGTATAAGAGACAGNNNNNGGAGTTGGTAAAAACATTCCTG
217,ENSA UUUAA or UCUAG-2 i5 s1 R,MaP,ENSA,Pus7-pseudoU,IDT,415639207,TCGTCGGCAGCGTCAGATGTGTATAAGAGACAGNNNNNTTTTTCATGGGTTTTTGTTTTG
218,ENSA UUUAA i7 s1 F,MaP,ENSA,Pus7-pseudoU,IDT,415639208,GTCTCGTGGGCTCGGAGATGTGTATAAGAGACAGNNNNNTAACCACGTGGCTGATGTGG
219,ENSA Psi or UCUAG-1 RT,MaP,ENSA,PUS7,IDT,436257826,CCTTCTTCCCACAGCAAATC
220,ENSA UUUAA or UCUAG-2 RT,MaP,ENSA,Pus7-pseudoU,IDT,415639210,TTTTTCATGGGTTTTTGTTTTG
221,FSCN1 UGUAA-1 i7 s1 F,MaP,FSCN1,Pus7-pseudoU,IDT,415639211,GTCTCGTGGGCTCGGAGATGTGTATAAGAGACAGNNNNNTCCGCCCGGGTTCCCTAC
222,FSCN1 UGUAA-1 i5 s1 R,MaP,FSCN1,Pus7-pseudoU,IDT,415639212,TCGTCGGCAGCGTCAGATGTGTATAAGAGACAGNNNNNGGCTGTTTCCAGCCACCAC
223,FSCN1 UUUAA i7 s1 F,MaP,FSCN1,Pus7-pseudoU,IDT,415639213,GTCTCGTGGGCTCGGAGATGTGTATAAGAGACAGNNNNNTGGTGGCTGGAAACAGCCC
224,FSCN1 UUUAA i5 s1 R,MaP,FSCN1,Pus7-pseudoU,IDT,415639214,TCGTCGGCAGCGTCAGATGTGTATAAGAGACAGNNNNNAGGCCCAGGGAGCACC
225,FSCN1 Psi i7 s1 F,MaP,FSCN1,Pus7-pseudoU,IDT,415639215,GTCTCGTGGGCTCGGAGATGTGTATAAGAGACAGNNNNNGCTGCACGTTCTGCCAAGG
226,FSCN1 Psi i5 s1 R,MaP,FSCN1,Pus7-pseudoU,IDT,415639216,TCGTCGGCAGCGTCAGATGTGTATAAGAGACAGNNNNNGCCTGGCTTCATCCACCCG
227,FSCN1 UAUAA i7 s1 F,MaP,FSCN1,Pus7-pseudoU,IDT,415639217,GTCTCGTGGGCTCGGAGATGTGTATAAGAGACAGNNNNNCTGGGCTGCCGACACC
228,FSCN1 UAUAA i5 s1 R,MaP,FSCN1,Pus7-pseudoU,IDT,415639218,TCGTCGGCAGCGTCAGATGTGTATAAGAGACAGNNNNNGAGTTATTTTATTTCGCTATTTCC
229,FSCN1 UGUAA-1 RT,MaP,FSCN1,Pus7-pseudoU,IDT,415639219,GGCTGTTTCCAGCCACCAC
230,FSCN1 UUUAA RT,MaP,FSCN1,Pus7-pseudoU,IDT,415639220,AGGCCCAGGGAGCACC
231,FSCN1 Psi RT,MaP,FSCN1,Pus7-pseudoU,IDT,415639221,GCCTGGCTTCATCCACCCG
232,FSCN1 UAUAA RT,MaP,FSCN1,Pus7-pseudoU,IDT,415639222,GAGTTATTTTATTTCGCTATTTCC
233,GOLGA7 UGUAG-2 i7 s1 F,MaP,GOLGA7,Pus7-pseudoU,IDT,415639223,GTCTCGTGGGCTCGGAGATGTGTATAAGAGACAGNNNNNACTTATGAGAAAAAAATTTGATAGG
234,GOLGA7 UGUAG-2 i5 s1 R,MaP,GOLGA7,Pus7-pseudoU,IDT,415639224,TCGTCGGCAGCGTCAGATGTGTATAAGAGACAGNNNNNAAATTAAATCTGAGACGAAATCCAG
235,GOLGA7 Psi i7 s1 F,MaP,GOLGA7,Pus7-pseudoU,IDT,415639225,GTCTCGTGGGCTCGGAGATGTGTATAAGAGACAGNNNNNAGTACAGTAAGTTACTTCTCAG
236,GOLGA7 UGUAA-2 i7 s1 F,MaP,GOLGA,PUS7,IDT,436257827,GTCTCGTGGGCTCGGAGATGTGTATAAGAGACAGNNNNNGGCTGCTTATGCCTTTCG
237,GOLGA7 Psi or UGUAA-2 i5 s1 R,MaP,GOLGA7,Pus7-pseudoU,IDT,415639227,TCGTCGGCAGCGTCAGATGTGTATAAGAGACAGNNNNNTTATTAATGTGTTAATATTTCAGC
238,GOLGA7 UGUAG-2 RT,MaP,GOLGA7,Pus7-pseudoU,IDT,415639228,AAATTAAATCTGAGACGAAATCCAG
239,GOLGA7 Psi or UGUAA-2 RT,MaP,GOLGA7,Pus7-pseudoU,IDT,415639229,TTATTAATGTGTTAATATTTCAGC
240,INTS10 Psi i7 s1 F,MaP,INTS10,Pus7-pseudoU,IDT,415639230,GTCTCGTGGGCTCGGAGATGTGTATAAGAGACAGNNNNNAAGCACCACACTGTAACTCG
241,INTS10 UCUAA i7 s1 F,MaP,INTS10,Pus7-pseudoU,IDT,415639231,GTCTCGTGGGCTCGGAGATGTGTATAAGAGACAGNNNNNGGAGAGAATCTGATGGTGGTTC
242,INTS10 UGUAA-2 i7 s1 F,MaP,INTS10,Pus7-pseudoU,IDT,415639232,GTCTCGTGGGCTCGGAGATGTGTATAAGAGACAGNNNNNGTGGAGACCTTTCCACCAGAC
243,INTS10 Psi or UCUAA or UGUAA-2 i5 s1 R,MaP,INTS10,Pus7-pseudoU,IDT,415639233,TCGTCGGCAGCGTCAGATGTGTATAAGAGACAGNNNNNGATTTTTATTTACAAAACAGATTGG
244,INTS10 Psi or UCUAA or UGUAA-2 RT,MaP,INTS10,Pus7-pseudoU,IDT,415639234,GATTTTTATTTACAAAACAGATTGG
245,MCM5 Psi i7 s1 F,MaP,MCM5,Pus7-pseudoU,IDT,415639235,GTCTCGTGGGCTCGGAGATGTGTATAAGAGACAGNNNNNCACGCCATCCACAAGGTG
246,MCM5 Psi i5 s1 R,MaP,MCM5,Pus7-pseudoU,IDT,415639236,TCGTCGGCAGCGTCAGATGTGTATAAGAGACAGNNNNNAGAAGTCTGAGTGGCAGATCC
247,MCM5 UCUAG i7 s1 F,MaP,MCM5,Pus7-pseudoU,IDT,415639237,GTCTCGTGGGCTCGGAGATGTGTATAAGAGACAGNNNNNGCAAGGTTCTCTACCGCC
248,MCM5 UCUAG i5 s1 R,MaP,MCM5,Pus7-pseudoU,IDT,415639238,TCGTCGGCAGCGTCAGATGTGTATAAGAGACAGNNNNNGTCACGTGACTTACCC
249,MCM5 UGUAG i7 s1 F,MaP,MCM5,Pus7-pseudoU,IDT,415639239,GTCTCGTGGGCTCGGAGATGTGTATAAGAGACAGNNNNNTGATTTTGATCCGCCTCACC
250,MCM5 UGUAG i5 s1 R,MaP,MCM5,Pus7-pseudoU,IDT,415639240,TCGTCGGCAGCGTCAGATGTGTATAAGAGACAGNNNNNCAGCATCACTGTCACTAGTGC
251,MCM5 Psi RT,MaP,MCM5,Pus7-pseudoU,IDT,415639241,AGAAGTCTGAGTGGCAGATCC
252,MCM5 UCUAG RT,MaP,MCM5,Pus7-pseudoU,IDT,415639242,GTCACGTGACTTACCC
253,MCM5 UGUAG RT,MaP,MCM5,Pus7-pseudoU,IDT,415639243,CAGCATCACTGTCACTAGTGC
254,PIGT Psi i7 s1 F,MaP,PIGT,Pus7-pseudoU,IDT,415639244,GTCTCGTGGGCTCGGAGATGTGTATAAGAGACAGNNNNNGCTGCCGTTTCTCTCTGGG
255,PIGT UGUAG i7 s1 F,MaP,PIGT,Pus7-pseudoU,IDT,415639245,GTCTCGTGGGCTCGGAGATGTGTATAAGAGACAGNNNNNCCACGAGCCAAATGTGGC
256,PIGT Psi or UGUAG i5 s1 R,MaP,PIGT,Pus7-pseudoU,IDT,415639246,TCGTCGGCAGCGTCAGATGTGTATAAGAGACAGNNNNNCGGAAACAGCCGTTTTTATTCC
257,PIGT Psi or UGUAG RT,MaP,PIGT,Pus7-pseudoU,IDT,415639247,CGGAAACAGCCGTTTTTATTCC
258,PSME3 UAUAA i7 s1 F,MaP,PSME3,Pus7-pseudoU,IDT,415639248,GTCTCGTGGGCTCGGAGATGTGTATAAGAGACAGNNNNNTTTTTTAGGAACTAGGGTGGC
259,PSME3 UAUAA i5 s1 R,MaP,PSME3,Pus7-pseudoU,IDT,415639249,TCGTCGGCAGCGTCAGATGTGTATAAGAGACAGNNNNNAGGCTACAGTATCAGGAGG
260,PSME3 Psi i7 s1 F,MaP,PSME3,Pus7-pseudoU,IDT,415639250,GTCTCGTGGGCTCGGAGATGTGTATAAGAGACAGNNNNNTTATAATGGGCGTTTTCACATGC
261,PSME3 Psi i5 s1 R,MaP,PSME3,Pus7-pseudoU,IDT,415639251,TCGTCGGCAGCGTCAGATGTGTATAAGAGACAGNNNNNAGCAGCATCTGGACCTCAC
262,PSME3 UAUAG-1 i7 s1 F,MaP,PSME3,Pus7-pseudoU,IDT,415639252,GTCTCGTGGGCTCGGAGATGTGTATAAGAGACAGNNNNNGGAGAACAGAGAGATGAGAAGC
263,PSME3 UAUAG-1 i5 s1 R,MaP,PSME3,Pus7-pseudoU,IDT,415639253,TCGTCGGCAGCGTCAGATGTGTATAAGAGACAGNNNNNCGTGGTAGAATAAAAGAGCTAGG
264,PSME3 UAUAA RT,MaP,PSME3,Pus7-pseudoU,IDT,415639254,AGGCTACAGTATCAGGAGG
265,PSME3 Psi RT,MaP,PSME3,Pus7-pseudoU,IDT,415639255,AGCAGCATCTGGACCTCAC
266,PSME3 UAUAG-1 RT,MaP,PSME3,Pus7-pseudoU,IDT,415639256,CGTGGTAGAATAAAAGAGCTAGG
267,RHBDD2 UCUAG i7 s1 F,MaP,RHBDD2,Pus7-pseudoU,IDT,415639257,GTCTCGTGGGCTCGGAGATGTGTATAAGAGACAGNNNNNCTGTGCTATGTGCAGAACCAC
268,RHBDD2 UCUAG i5 s1 R,MaP,RHBDD2,Pus7-pseudoU,IDT,415639258,TCGTCGGCAGCGTCAGATGTGTATAAGAGACAGNNNNNCGCTTTCTGCATCTGTAAGC
269,RHBDD2 UUUAG i7 s1 F,MaP,RHBDD2,Pus7-pseudoU,IDT,415639259,GTCTCGTGGGCTCGGAGATGTGTATAAGAGACAGNNNNNGTTACTTATTGAACACCTCTATG
270,RHBDD2 UUUAG i5 s1 R,MaP,RHBDD2,PUS7,IDT,436257823,TCGTCGGCAGCGTCAGATGTGTATAAGAGACAGNNNNNGCTGCGAGCTCCTGAAGG
271,RHBDD2 Psi i7 s1 F,MaP,RHBDD2,Pus7-pseudoU,IDT,415639261,GTCTCGTGGGCTCGGAGATGTGTATAAGAGACAGNNNNNTTTAGTAACACGGACAAGGCTC
272,RHBDD2 Psi i5 s1 R,MaP,RHBDD2,PUS7,IDT,436257824,TCGTCGGCAGCGTCAGATGTGTATAAGAGACAGNNNNNCAGAGGCTGTTTCTTTATACAAAGG
273,RHBDD2 UCUAG RT,MaP,RHBDD2,Pus7-pseudoU,IDT,415639263,CGCTTTCTGCATCTGTAAGC
274,RHBDD2 UUUAG RT,MaP,RHBDD2,Pus7-pseudoU,IDT,415639264,GCTGCGAGCTCCTGAAGG
275,RHBDD2 Psi RT,MaP,RHBDD2,Pus7-pseudoU,IDT,415639265,CAGAGGCTGTTTCTTTATACAAAGG
276,RTN4 UAUAA i7 s1 F,MaP,RTN4,Pus7-pseudoU,IDT,415639266,GTCTCGTGGGCTCGGAGATGTGTATAAGAGACAGNNNNNTTGGCAAGTTGCAGAGATGG
277,RTN4 UAUAG-2 i7 s1 F,MaP,RTN4,Pus7-pseudoU,IDT,415639267,GTCTCGTGGGCTCGGAGATGTGTATAAGAGACAGNNNNNAAAGCCCTTTTCAGTTTGTGCAC
278,RTN4 UAUAA or UAUAG-2 i5 s1 R,MaP,RTN4,Pus7-pseudoU,IDT,415639268,TCGTCGGCAGCGTCAGATGTGTATAAGAGACAGNNNNNTCTGTGCAATGAAATTGATGTTGG
279,RTN4 Psi i7 s1 F,MaP,RTN4,Pus7-pseudoU,IDT,415639269,GTCTCGTGGGCTCGGAGATGTGTATAAGAGACAGNNNNNGACAAAGCTTGCTTTTCTGG
280,RTN4 Psi i5 s1 R,MaP,RTN4,Pus7-pseudoU,IDT,415639270,TCGTCGGCAGCGTCAGATGTGTATAAGAGACAGNNNNNGTTCAGTACAGCTTAAACCAC
281,RTN4 UAUAA or UAUAG-2 RT,MaP,RTN4,Pus7-pseudoU,IDT,415639271,TCTGTGCAATGAAATTGATGTTGG
282,RTN4 Psi RT,MaP,RTN4,Pus7-pseudoU,IDT,415639272,GTTCAGTACAGCTTAAACCAC
283,TNIP1 UCUAG i7 s1 F,MaP,TNIP1,Pus7-pseudoU,IDT,415639273,GTCTCGTGGGCTCGGAGATGTGTATAAGAGACAGNNNNNGCTCCACCCAGAAGGCTTTC
284,TNIP1 UUUAA i7 s1 F,MaP,TNIP1,Pus7-pseudoU,IDT,415639274,GTCTCGTGGGCTCGGAGATGTGTATAAGAGACAGNNNNNAAAAACTCCTTCCCTGCTG
285,TNIP1 Psi i7 s1 F,MaP,TNIP1,Pus7-pseudoU,IDT,415639275,GTCTCGTGGGCTCGGAGATGTGTATAAGAGACAGNNNNNGGAGAGAGGCCTCATCCG
286,TNIP1 UCUAG or UUUAA or Psi i5 s1 R,MaP,TNIP1,Pus7-pseudoU,IDT,415639276,TCGTCGGCAGCGTCAGATGTGTATAAGAGACAGNNNNNGCCTTCTCCCATCTGTGATG
287,TNIP1 UCUAG or UUUAA or Psi RT,MaP,TNIP1,Pus7-pseudoU,IDT,415639277,GCCTTCTCCCATCTGTGATG
288,UBE2J2 UUUAA-1 i7 s1 F,MaP,UBEJ2J,Pus7-pseudoU,IDT,415639278,GTCTCGTGGGCTCGGAGATGTGTATAAGAGACAGNNNNNGCGAACTTGTTTGTGATAGTTGG
289,UBE2J2 UUUAA-1 i5 s1 R,MaP,UBEJ2J,Pus7-pseudoU,IDT,415639279,TCGTCGGCAGCGTCAGATGTGTATAAGAGACAGNNNNNCACATCTAATAAAATGAAAAACGG
290,UBE2J2 Psi i7 s1 F,MaP,UBEJ2J,Pus7-pseudoU,IDT,415639280,GTCTCGTGGGCTCGGAGATGTGTATAAGAGACAGNNNNNACCCAAGGCGCCACTGAG
291,UBE2J2 UUUAG-2 i7 s1 F,MaP,UBEJ2J,Pus7-pseudoU,IDT,415639281,GTCTCGTGGGCTCGGAGATGTGTATAAGAGACAGNNNNNAGCACAGGCAGACCCACC
292,UBE2J2 Psi or UUUAG-2 i5 s1 R,MaP,UBEJ2J,Pus7-pseudoU,IDT,415639282,TCGTCGGCAGCGTCAGATGTGTATAAGAGACAGNNNNNGCTAAGCCTCATCACCACAC
293,UBE2J2 UUUAA-1 RT,MaP,UBEJ2J,Pus7-pseudoU,IDT,415639283,CACATCTAATAAAATGAAAAACGG
294,UBE2J2 Psi or UUUAG-2 RT,MaP,UBEJ2J,Pus7-pseudoU,IDT,415639284,GCTAAGCCTCATCACCACAC
295,USF2 UAUAG i7 s1 F,MaP,USF2,Pus7-pseudoU,IDT,415639285,GTCTCGTGGGCTCGGAGATGTGTATAAGAGACAGNNNNNGAACGCCCTGCTTCGAGC
296,USF2 UAUAG i5 s1 R,MaP,USF2,Pus7-pseudoU,IDT,415639286,TCGTCGGCAGCGTCAGATGTGTATAAGAGACAGNNNNNCCTCCAGGTGAGACCACTAG
297,USF2 Psi i7 s1 F,MaP,USF2,Pus7-pseudoU,IDT,415639287,GTCTCGTGGGCTCGGAGATGTGTATAAGAGACAGNNNNNGCCCTTAGCACAGAGAGGG
298,USF2 Psi i5 s1 R,MaP,USF2,Pus7-pseudoU,IDT,415639288,TCGTCGGCAGCGTCAGATGTGTATAAGAGACAGNNNNNAGGGACCCAGAAACAAGAGGTG
299,USF2 UUUAA-2 i7 s1 F,MaP,USF2,Pus7-pseudoU,IDT,415639289,GTCTCGTGGGCTCGGAGATGTGTATAAGAGACAGNNNNNCCTGCCACGTCCCGCTG
300,USF2 UUUAA-2 i5 s1 R,MaP,USF2,Pus7-pseudoU,IDT,415639290,TCGTCGGCAGCGTCAGATGTGTATAAGAGACAGNNNNNGCCAGTTTATTGCAGTTAAATACC
301,USF2 UAUAG RT,MaP,USF2,Pus7-pseudoU,IDT,415639291,CCTCCAGGTGAGACCACTAG
302,USF2 Psi RT,MaP,USF2,Pus7-pseudoU,IDT,415639292,AGGGACCCAGAAACAAGAGGTG
303,USF2 UUUAA-2 RT,MaP,USF2,Pus7-pseudoU,IDT,415639293,GCCAGTTTATTGCAGTTAAATACC
304,pDecko Seq F,Sequencing,pDecko,CRISPR,IDT,415877439,gtcgctatgtgttctggga
305,pDecko Seq R,Sequencing,pDecko,CRISPR,IDT,415877440,actgtgggcgatgtgc
306,i7 MALAT1 CRISPR C s1 F,MaP,MALAT1,MALAT1,IDT,415877441,GTCTCGTGGGCTCGGAGATGTGTATAAGAGACAGNNNNNGTCTTGGGAGCAAGTCGCA
307,i5 MALAT1 CRISPR C s1 R,MaP,MALAT1,MALAT1,IDT,415877442,TCGTCGGCAGCGTCAGATGTGTATAAGAGACAGNNNNNGTATTAATTCGGGGCTCTGTAGTCC
308,MALAT1 TH i7 F,CRISPR,MALAT1,MALAT1,IDT,439623936,GTCTCGTGGGCTCGGAGATGTGTATAAGAGACAGNNNNNGAGTGGCTGAGAGGGCTTTTG
309,MALAT1 TH i5 R,CRISPR,MALAT1,MALAT1,IDT,439623937,TCGTCGGCAGCGTCAGATGTGTATAAGAGACAGNNNNNAGACGCCGCAGGGATTTG
310,AL033397.1 qPCR F,qPCR ,AL033397.1,NRF2,IDT,420265141,acacagcatcttctgcaaatgc
311,AL033397.1 qPCR R,qPCR ,AL033397.1,NRF2,IDT,420265142,cacttgcaaacagcagagcc
312,AL596223.1 qPCR F,qPCR ,AL596223.1 ,NRF2,IDT,420265143,ggactcactgcctgaccg
313,AL596223.1 qPCR R,qPCR ,AL596223.1 ,NRF2,IDT,420265144,ctgcctgcgttcaaatctcg
314,APCDD1L-DT qPCR F,qPCR ,APCDD1L-DT,NRF2,IDT,420265145,gcaatgagatacgcgatgacg
315,APCDD1L-DT qPCR R,qPCR ,APCDD1L-DT,NRF2,IDT,420265146,cggtgctccggaaattgc
316,ENST451575.6 qPCR F,qPCR ,ENST00000451575.6,NRF2,IDT,420265147,TCAACATCACCTGGGATCTCG
317,ENST451575.6 qPCR R,qPCR ,ENST00000451575.6,NRF2,IDT,420265148,AGGATAGGGTTCATGGAGTTGC
318,ENST549807.1 qPCR F,qPCR ,ENST00000549807.1,NRF2,IDT,420265149,CTCAGAAGCCAATGAAGAAGTGC
319,ENST549807.1 qPCR R,qPCR ,ENST00000549807.1,NRF2,IDT,420265150,TGATTTTCACACCAGTGTTGGC
320,ENST565399.1 qPCR F,qPCR ,ENST00000565399.1,NRF2,IDT,420265151,CAAGCTTCATCAGGTTGACTAAGC
321,ENST565399.1 qPCR R,qPCR ,ENST00000565399.1,NRF2,IDT,420265152,CCTAATTCGTGAGGTTGCTGC
322,ENST585492.1 qPCR F,qPCR ,ENST00000585492.1,NRF2,IDT,420265153,ACACAGGTGTCCGGAGC
323,ENST585492.1 qPCR R,qPCR ,ENST00000585492.1,NRF2,IDT,420265154,ATCTCGAAGCCGTCCTCG
324,IGF2BP2-AS1 qPCR F,qPCR ,IGF2BP2-AS1,NRF2,IDT,420265155,gaggccactgttccagcc
325,IGF2BP2-AS1 qPCR R,qPCR ,IGF2BP2-AS1,NRF2,IDT,420265156,agtcttccaggatgaatgagacg
326,LINC-ROR qPCR F,qPCR ,LINC-ROR,NRF2,IDT,420265157,caggtccttagaccaaccagc
327,LINC-ROR qPCR R,qPCR ,LINC-ROR,NRF2,IDT,420265158,cagagttccagcggctgt
328,LINC00239 qPCR F,qPCR ,LINC00239,NRF2,IDT,420265159,ctcggactttgcatccagc
329,LINC00239 qPCR R,qPCR ,LINC00239,NRF2,IDT,420265160,gctccaggaacaatatcaggc
330,LINC00458 qPCR F,qPCR ,LINC00458,NRF2,IDT,420265161,agctgaagactgacactgcc
331,LINC00458 qPCR R,qPCR ,LINC00458,NRF2,IDT,420265162,tgtttggttttttcatgcgcg
332,LINC00536 qPCR F,qPCR ,LINC00536,NRF2,IDT,420265163,gcgacaaaggtggttaaggc
333,LINC00536 qPCR R,qPCR ,LINC00536,NRF2,IDT,420265164,tgtaccagtcttcctgacagc
334,LINC00942 qPCR F,qPCR ,LINC00942,NRF2,IDT,420265165,cacccatggttgcgttcg
335,LINC00942 qPCR R,qPCR ,LINC00942,NRF2,IDT,420265166,gcagtagattctgagcgtttgc
336,LINC01564 qPCR F,qPCR ,LINC01564,NRF2,IDT,420265167,gaaggatgtgaggacatgttcg
337,LINC01564 qPCR R,qPCR ,LINC01564,NRF2,IDT,420265168,tgctgatttcttgccttttgagc
338,LINC02499 qPCR F,qPCR ,LINC02499,NRF2,IDT,420265169,gatttcaatgagaagcacaggacc
339,LINC02499 qPCR R,qPCR ,LINC02499,NRF2,IDT,420265170,tcatagcaagtagacatgccagg
340,LUCAT1 qPCR F,qPCR ,LUCAT1,NRF2,IDT,420265171,gttcagcatctaccatgggc
341,LUCAT1 qPCR R,qPCR ,LUCAT1,NRF2,IDT,420265172,ggagcttgcagtgaaccg
342,NMRAL2P qPCR F,qPCR ,NMRAL2P,NRF2,IDT,420265173,actttgaaaactttctcgcggc
343,NMRAL2P qPCR F,qPCR ,NMRAL2P,NRF2,IDT,420265174,acggctgctccaatatcagc
344,ODRUL qPCR F,qPCR ,ODRUL,NRF2,IDT,420265175,ggcggatgctgttctgc
345,ODRUL qPCR R,qPCR ,ODRUL,NRF2,IDT,420265176,gcagccgatgaacagcc
346,SLC7A11-AS1 qPCR F,qPCR ,SLC7A11-AS1 ,NRF2,IDT,420265177,tgagtacctgttgaagtcacagc
347,SLC7A11-AS1 qPCR R,qPCR ,SLC7A11-AS1 ,NRF2,IDT,420265178,tccagccacaggatgcc
348,TUG1 qPCR F,qPCR ,TUG1,NRF2,IDT,420265179,ggaggagtttagagagcaggc
349,TUG1 qPCR R,qPCR ,TUG1,NRF2,IDT,420265180,ccaggtctgtaggctgatgg
350,RPL13A F (for 65C),qPCR,RPL13A gene,NRF2,IDT,422005837,GTCTCAAGGTGTTTGACGGCA
351,RPL13A R (for 65C),qPCR,RPL13A gene,NRF2,IDT,422005838,CTTTCTTGTAGGCTTCAGACGCA
352,GCLC F (for 65C),qPCR,GCLC gene,NRF2,IDT,422005839,GCCGGAAGGAGGCTACTTCTAT
353,GCLC R (for 65C),qPCR,GCLC gene,NRF2,IDT,422005840,CACTGGGTTGGGTTTGACCTC
354,SLC7a11 F (For 65C),qPCR,SLC7a11 gene,NRF2,IDT,422005841,GTGTGTGGGGTCCTGTCACTA
355,SLC7a11 R (For 65C),qPCR,SLC7a11 gene,NRF2,IDT,422005842,GCTGCAGGGCGTATTATGAGG
356,PCR2 R MALAT1,PCR,MALAT1 ,MALAT1 ,IDT,422760462,GTGTTCTCTTGAGGGACAGTAGG
357,PCR2 F MALAT1,PCR,MALAT1 ,MALAT1 ,IDT,422760463,GGTTACTAAGATATTGCTTAGCGTTAAGTT
358,PUS7 KO G1 F,CRISPR,PUS7,PUS7,IDT,424365135,atcttgtggaaaggacgaaacaccgactggtgtgtcgctgaaacggttttagagctagaaatagcaagtt
359,PUS7 KO G1 R,CRISPR,PUS7,PUS7,IDT,424365136,aacttgctatttctagctctaaaaccgtttcagcgacacaccagtcggtgtttcgtcctttccacaagat
360,PUS7 KO G2 F,CRISPR,PUS7,PUS7,IDT,424365137,atcttgtggaaaggacgaaacaccgtcggaatgcagtctaaccaagttttagagctagaaatagcaagtt
361,PUS7 KO G2 R,CRISPR,PUS7,PUS7,IDT,424365138,aacttgctatttctagctctaaaacttggttagactgcattccgacggtgtttcgtcctttccacaagat
362,PUS7 KO G3 F,CRISPR,PUS7,PUS7,IDT,424365139,atcttgtggaaaggacgaaacaccgccatcagtgaagacgtgcctgttttagagctagaaatagcaagtt
363,PUS7 KO G3 R,CRISPR,PUS7,PUS7,IDT,424365140,aacttgctatttctagctctaaaacaggcacgtcttcactgatggcggtgtttcgtcctttccacaagat
364,PUS7 KO G4 F,CRISPR,PUS7,PUS7,IDT,424365141,atcttgtggaaaggacgaaacaccgttaatattgaaaccccgctcgttttagagctagaaatagcaagtt
365,PUS7 KO G4 R,CRISPR,PUS7,PUS7,IDT,424365142,aacttgctatttctagctctaaaacgagcggggtttcaatattaacggtgtttcgtcctttccacaagat
366,PUS7 KO G5 F,CRISPR,PUS7,PUS7,IDT,424365143,atcttgtggaaaggacgaaacaccgagttcatcaagcacttattcgttttagagctagaaatagcaagtt
367,PUS7 KO G5 R,CRISPR,PUS7,PUS7,IDT,424365144,aacttgctatttctagctctaaaacgaataagtgcttgatgaactcggtgtttcgtcctttccacaagat
368,psiKO inv F,cloning,pDECKO_mCherry_Puro,General,IDT,425715272,gtacgtctctttttttaagcttggcgtaactagatcttg
369,psiKO inv R,cloning,pDECKO_mCherry_Puro,General,IDT,425715273,ctcatttacaaccgtctccggtg
370,MALAT1 shRNA1 psiKO R1,shRNA,psiKO,MALAT1,IDT,425715274,aTCaTTTCACAATaCCGGTGtttcgtcctttccacaagat
371,MALAT1 shRNA1 psiKO F2,shRNA,psiKO,MALAT1,IDT,425715275,CACCGGtATTGTGAAAtGAtTGGAGTATGATCAAGAGTCA
372,MALAT1 shRNA1 psiKO R3,shRNA,psiKO,MALAT1,IDT,425715276,aGCATTGTGAAACGACTGGAGTATGACTCTTGATCATACTC
373,MALAT1 shRNA1 psiKO F4,shRNA,psiKO,MALAT1,IDT,425715277,CAGTCGTTTCACAATGCttttttaagcttggcgtaac
374,M1scr shRNA1 psiKO R1,shRNA,psiKO,MALAT1,IDT,425715278,ATCTTAAAaCACaTCCGGTGtttcgtcctttccacaagat
375,M1scr shRNA1 psiKO F2,shRNA,psiKO,MALAT1,IDT,425715279,CACCGGAtGTGtTTTAAGATGAtGAAGAGTTCAAGAG
376,M1scr shRNA1 psiKO R3,shRNA,psiKO,MALAT1,IDT,425715280,aGACGTGCTTTAAGATGACGAAGAGTCTCTTGAACTCTTCa
377,M1scr shRNA1 psiKO F4,shRNA,psiKO,MALAT1,IDT,425715281,TCATCTTAAAGCACGTCttttttaagcttggcgtaac
378,PEmax Amp 1 F,CRISPR,pPE,General,IDT,426074202,gccagaacacaggaccggttctagagcgctgccaccatgaaacggacagccgacg
379,PEmax Amp 1 R,CRISPR,pPE,General,IDT,426074203,ccacgggccgCctccatggtcccagcttctgg
380,PEmax Amp 2 F,CRISPR,pPE,General,IDT,426074204,accatggagGcggcccgtggcctatctg
381,PEmax Amp 2 R,CRISPR,pPE,General,IDT,426074205,gagagaagtttgttgcgccggatcccttatcgtcatcgtctttgtaatctccgcttccgtccagc
382,LUCAT1-1 PE gRNA F1,CRISPR,pPE,NRF2,IDT,426074206,atcttgtggaaaggacgaaacaccgttgcagtcaacaagaactttgttttagagctagaaatagcaag
383,LUCAT1-1 PE gRNA R1,CRISPR,pPE,NRF2,IDT,426074207,tgatttcactgcctgaaaaggcagatagcaccgactcggtg
384,LUCAT1-1 PE HHRins F2,CRISPR,pPE,NRF2,IDT,426074208,cttttcaggcagtgaaatcattcAaaaaGCATGGAATGGAGGACG
385,LUCAT1-1 PE HHRins R2,CRISPR,pPE,NRF2,IDT,426074209,TGGAGGGAgcagtcaacaagaacGCACGGTACATGGAGC
386,LUCAT1-1 PE masc ins F2,CRISPR,pPE,NRF2,IDT,426074210,cttttcaggcagtgaaatcattcAaaaaAAGCAAAGACGCCGC
387,LUCAT1-1 PE masc ins R2,CRISPR,pPE,NRF2,IDT,426074211,TGGAGGGAgcagtcaacaagaacAAGCAAAAGATGCTGGTGG
388,LUCAT1-1 PE PreQ-H1 F3,CRISPR,pPE,NRF2,IDT,426074212,cttgttgactgcTCCCTCCACGCGGTTCTATCTAGTTACG
389,LUCAT1-1 PE PBS-H1 R3,CRISPR,pPE,NRF2,IDT,426074213,gctatttctagctctaaaacGAACCTGAGTGTGTGGGCTCgggaaagagtggtctcatacagaactta
390,HHR reverse comp,CRISPR,pPE,General,IDT,426074214,GCATGGAATGGAGGACGCACCGAAGCGCGTTTCGTCCTATTTGGGACTCATCAGCTCCATGTACCGTGC
391,PreQ1-H1 gBlock,CRISPR,pPE,General,IDT,426074215,CGCGGTTCTATCTAGTTACGCGTTAAACCAACTAGAATTTTTTgaacgctgacgtcatcaacccgctccaaggaatcgcgggcccagtgtcactaggcgggaacacccagcgcgcgtgcgccctggcaggaagatggctgtgagggacaggggagtggcgccctgcaatatttgcatgtcgctatgtgttctgggaaatcaccataaacgtgaaatgtctttggatttgggagtcttataagttctgtatgagaccac
392,MALAT1 PE-Del Cprime gRNA F1,CRISPR,pPE,General,IDT,426078201,atcttgtggaaaggacgaaacaccgGCTGGGGCTCAGTTGCGTAAgttttagagctagaaatagcaag
393,MALAT1 PE-Del Cprime gRNA R1,CRISPR,pPE,General,IDT,426078202,TGCGTAATACCAATAGAAGGGCAATGCTTTTAGATTAAAgcaccgactcggtg
394,MALAT1 PE-Del PreQ-H1 F2,CRISPR,pPE,General,IDT,426078203,CCTTCTATTGGTATTACGCAACTGAGCCCCATAAATACGCGCGGTTCTATCTAGTTACG
395,MALAT1 PE-Del H1-Cprime R2,CRISPR,pPE,General,IDT,426078204,gctatttctagctctaaaacAATTAATACCAATAGAAGGGgggaaagagtggtctcatacagaactta
396,pSecko Malat1 C1 F,CRISPR,pSecko,MALAT1 ,IDT,428840822,atcttgtggaaaggacgaaacaccggctggggctcagttgcgtaagttttagagctagaaatagcaagtt
397,pSecko Malat1 C1 R,CRISPR,pSecko,MALAT1 ,IDT,428840823,aacttgctatttctagctctaaaacttacgcaactgagccccagccggtgtttcgtcctttccacaagat
398,pSecko Malat1 C2 F,CRISPR,pSecko,MALAT1 ,IDT,428840824,atcttgtggaaaggacgaaacaccgaggtttctaaaacatgacgggttttagagctagaaatagcaagtt
399,pSecko Malat1 C2 R,CRISPR,pSecko,MALAT1 ,IDT,428840825,aacttgctatttctagctctaaaacccgtcatgttttagaaacctcggtgtttcgtcctttccacaagat
400,NEBNext Adapter,Sequencing,Sequencing,Sequencing,IDT,442118914,GATCGGAAGAGCACACGTCTGAACTCCAGTC/ideoxyU/ACACTCTTTCCCTACACGACGCTCTTCCGATC*T
401,Tn5 amp,Sequencing,Sequencing,Sequencing,IDT,429007915,TCGTCGGCAGCGTCAG
402,H2AC i7 s1 F,Sequencing,H2AC mRNA,Histone mRNAs,IDT,429007916,GTCTCGTGGGCTCGGAGATGTGTATAAGAGACAGNNNNNAAGAAGACTGAGAGCCACCA
403,NRF2 seq F,Sequencing,genomic,NRF2,IDT,430255837,gattaccgagtgccggg
404,NRF2 seq R,Sequencing,genomic,NRF2,IDT,430255838,cctggctctggccagac
405,KEAP1 seq F,Sequencing,genomic,NRF2,IDT,430255839,cttgcaaaacgaggcccg
406,KEAP1 seq R,Sequencing,genomic,NRF2,IDT,430255840,gcactcagtggaggcgta
407,LINC00239 411 RT,MaP,seq libraries,NRF2,IDT,430314813,gacttgggtgccttctgg
408,LINC00239 642 RT,MaP,seq libraries,NRF2,IDT,430314814,ttctccctttgcagactgag
409,LINC00239 1 F,MaP,seq libraries,NRF2,IDT,430314815,tgcctttcaccttctgcc
410,LINC00239 237 F,MaP,seq libraries,NRF2,IDT,430314816,acctgcctcattggaaagtg
411,LINC00239 1 XT i7 s1 F,MaP,seq libraries,NRF2,IDT,430314817,GTCTCGTGGGCTCGGAGATGTGTATAAGAGACAGNNNNNtgcctttcaccttctgcc
412,LINC00239 411 XT i5 s1 R,MaP,seq libraries,NRF2,IDT,430314818,TCGTCGGCAGCGTCAGATGTGTATAAGAGACAGNNNNNgacttgggtgccttctgg
413,LINC00239 237 XT i7 s1 F,MaP,seq libraries,NRF2,IDT,430314819,GTCTCGTGGGCTCGGAGATGTGTATAAGAGACAGNNNNNacctgcctcattggaaagtg
414,LINC00239 642 XT i5 s1 R,MaP,seq libraries,NRF2,IDT,430314820,TCGTCGGCAGCGTCAGATGTGTATAAGAGACAGNNNNNttctccctttgcagactgag
415,lnc-NFYB 446 RT,MaP,seq libraries,NRF2,IDT,430314821,CCAGGGCCTTATAGGATTTC
416,lnc-NFYB 701 RT,MaP,seq libraries,NRF2,IDT,430314822,TTGATTTTGTGAGATTTATTTGTCC
417,lnc-NFYB 1 F,MaP,seq libraries,NRF2,IDT,430314823,CCATCTTTTCTCTAAGGTCTTCAAC
418,lnc-NFYB 307 F,MaP,seq libraries,NRF2,IDT,430314824,GCAATGGAGCCTAAGAAGG
419,lnc-NFYB 1 XT i7 s1 F,MaP,seq libraries,NRF2,IDT,430314825,GTCTCGTGGGCTCGGAGATGTGTATAAGAGACAGNNNNNCCATCTTTTCTCTAAGGTCTTCAAC
420,lnc-NFYB 446 XT i5 s1 R,MaP,seq libraries,NRF2,IDT,430314826,TCGTCGGCAGCGTCAGATGTGTATAAGAGACAGNNNNNCCAGGGCCTTATAGGATTTC
421,lnc-NFYB 307 XT i7 s1 F,MaP,seq libraries,NRF2,IDT,430314827,GTCTCGTGGGCTCGGAGATGTGTATAAGAGACAGNNNNNGCAATGGAGCCTAAGAAGG
422,lnc-NFYB 701 XT i5 s1 R,MaP,seq libraries,NRF2,IDT,430314828,TCGTCGGCAGCGTCAGATGTGTATAAGAGACAGNNNNNTTGATTTTGTGAGATTTATTTGTCC
423,LUCAT1-1 476 RT,MaP,seq libraries,NRF2,IDT,430314829,gcaagttggattcctgggtg
424,LUCAT1-1 890 RT,MaP,seq libraries,NRF2,IDT,430314830,gtatctgccttttcaggcagtg
425,LUCAT1-1 1 F,MaP,seq libraries,NRF2,IDT,430314831,aatcaacactccactcagacaatgc
426,LUCAT1-1 411 F,MaP,seq libraries,NRF2,IDT,430314832,ctgcctcagcctcctgag
427,LUCAT1-1 1 XT i7 s1 F,MaP,seq libraries,NRF2,IDT,430314833,GTCTCGTGGGCTCGGAGATGTGTATAAGAGACAGNNNNNaatcaacactccactcagacaatgc
428,LUCAT1-1 476 XT i5 s1 R,MaP,seq libraries,NRF2,IDT,430314834,TCGTCGGCAGCGTCAGATGTGTATAAGAGACAGNNNNNgcaagttggattcctgggtg
429,LUCAT1-1 411 XT i7 s1 F,MaP,seq libraries,NRF2,IDT,430314835,GTCTCGTGGGCTCGGAGATGTGTATAAGAGACAGNNNNNctgcctcagcctcctgag
430,LUCAT1-1 890 XT i5 s1 R,MaP,seq libraries,NRF2,IDT,430314836,TCGTCGGCAGCGTCAGATGTGTATAAGAGACAGNNNNNgtatctgccttttcaggcagtg
431,PUS7-KO gRNA1-3 F Primer Set 1,CRISPR,PUS7,PUS7,IDT,436257811,GAGAACTCACAAACTTGGTGATGCC
432,PUS7-KO gRNA1-3 R Primer Set 1,CRISPR,PUS7,PUS7,IDT,436257812,TGTTTTCTTGGAGCCTTAAAGATGG
433,PUS7-KO gRNA1-3 F Primer Set 2,CRISPR,PUS7,PUS7,IDT,436257813,CTTGGTGATGCCTACGTCAGCC
434,PUS7-KO gRNA1-3 R Primer Set 2,CRISPR,PUS7,PUS7,IDT,436257814,CCTTAACCTCCCTCAAAACGCTGG
435,pPE MALAT1 F,Sequencing,MALAT1,MALAT1,IDT,438790244,GTTGCGTAAgttttagagc
436,pPE MALAT1 R,Sequencing,MALAT1,MALAT1,IDT,441053161,GTTGGTTTAACGCGTAAC
437,PUS7-KO gRNA5 F Primer Set 2,CRISPR,PUS7,PUS7,IDT,436257817,ACAGAGGTATTTGCTCTCACAGAGG
438,PUS7-KO gRNA5 R Primer Set 2,CRISPR,PUS7,PUS7,IDT,436257818,CTCACCTGCTGCAGTGCCTTTTCC
439,pDPE-Cas9nRT inv F,cloning,pPE MALAT1 cDel,MALAT1,IDT,441326513,tgtacgtctctttttttgaattcgctagc
440,MALAT1-Cdel-DPE-R3,cloning,pPE MALAT1 cDel,MALAT1,IDT,441326514,TGGTATTACGCAACTGAGCCCCAGCCTTGCAGGGACGGTTGAGgcaccgactcggt
441,pSecko MALAT1 Guide C2 F,CRISPR,MALAT1,MALAT1,IDT,436257821,atcttgtggaaaggacgaaacaccgaggtttctaaaacatgacgggttttagagctagaaatagcaagtt
442,pSecko MALAT1 Guide C2 R,CRISPR,MALAT1,MALAT1,IDT,436257822,aacttgctatttctagctctaaaacccgtcatgttttagaaacctcggtgtttcgtcctttccacaagat
443,NRF2 seq2 Rev,Sequencing,genomic,NRF2,IDT,431463557,cagaccttcccgcaactt
444,KEAP1 seq2 F,Sequencing,genomic,NRF2,IDT,431463558,CAGGCTGTTGAGGAGTTCAG
445,KEAP1 seq2 R,Sequencing,genomic,NRF2,IDT,431463559,gatcctccagggtgtagct
446,MALAT1-Cdel-DPE-F4,cloning,pPE MALAT1 cDel,MALAT1,IDT,441326515,GGCTCAGTTGCGTAATACCAATAGAAGGGCCGAAGTGCGCGGTTCTATCTAGTTAC
447,MALAT1-Cdel-DPE-R4,cloning,pPE MALAT1 cDel,MALAT1,IDT,441326516,cctagctagcgaattcAAAAAATTCTAGTTGGTTTAACG
448,pSecko MALAT1 C2 F,CRISPR,MALAT1,MALAT1,IDT,438790248,atcttgtggaaaggacgaaacaccgaggtttctaaaacatgacgggttttagagctagaaatagcaagtt
449,pSecko MALAT1 C2 R,CRISPR,MALAT1,MALAT1,IDT,438790249,aacttgctatttctagctctaaaacccgtcatgttttagaaacctcggtgtttcgtcctttccacaagat
450,pSecko MALAT1 TH4 F,CRISPR,MALAT1,MALAT1,IDT,438790250,atcttgtggaaaggacgaaacaccgACAATACGTGTTGTTTTCTCgttttagagctagaaatagcaagtt
451,pSecko MALAT1 TH4 R,CRISPR,MALAT1,MALAT1,IDT,438790251,aacttgctatttctagctctaaaacGAGAAAACAACACGTATTGTcggtgtttcgtcctttccacaagat
452,STIM1 UUUAA-1 i7 s1 F,MaP,STIM1,PUS7,IDT,438790252,GTCTCGTGGGCTCGGAGATGTGTATAAGAGACAGNNNNNAGTAGCTTCTGACATGTGTGC
453,STIM1 UUUAA-1 i5 s1 R,MaP,STIM1,PUS7,IDT,438790253,TCGTCGGCAGCGTCAGATGTGTATAAGAGACAGNNNNNCCCTAGGAGTATTGATGCTTGG
454,STIM1 Psi i7 s1 F,MaP,STIM1,PUS7,IDT,438790254,GTCTCGTGGGCTCGGAGATGTGTATAAGAGACAGNNNNNGTTCTGTTTGCTCCAGACTGG
455,STIM1 Psi i5 s1 R,MaP,STIM1,PUS7,IDT,438790255,TCGTCGGCAGCGTCAGATGTGTATAAGAGACAGNNNNNCATCCTTGCCCAACAACTCC
456,STIM1 UCUAG-2 i7 s1 F,MaP,STIM1,PUS7,IDT,438790256,GTCTCGTGGGCTCGGAGATGTGTATAAGAGACAGNNNNNCCAAGCATCAATACTCCTAGGG
457,STIM1 UCUAG-2 i5 s1 R,MaP,STIM1,PUS7,IDT,438790257,TCGTCGGCAGCGTCAGATGTGTATAAGAGACAGNNNNNGCCCAAAATAGGATCCCAGG
458,STIM1 UAUAG i7 s1 F,MaP,STIM1,PUS7,IDT,438790258,GTCTCGTGGGCTCGGAGATGTGTATAAGAGACAGNNNNNCCATGATACAGGGCTCTTATGG
459,STIM1 UAUAG i5 s1 R,MaP,STIM1,PUS7,IDT,438790259,TCGTCGGCAGCGTCAGATGTGTATAAGAGACAGNNNNNGTACAAGGCAGTCTGCAGC
460,STIM1 UUUAA-1 RT,MaP,STIM1,PUS7,IDT,438790260,CCCTAGGAGTATTGATGCTTGG
461,STIM1 Psi RT,MaP,STIM1,PUS7,IDT,438790261,CATCCTTGCCCAACAACTCC
462,STIM1 UCUAG-2 RT,MaP,STIM1,PUS7,IDT,438790262,GCCCAAAATAGGATCCCAGG
463,STIM1 UAUAG RT,MaP,STIM1,PUS7,IDT,438790263,GTACAAGGCAGTCTGCAGC
464,CEP170B Psi i7 s1 F,MaP,CEP170B,PUS7,IDT,438790264,GTCTCGTGGGCTCGGAGATGTGTATAAGAGACAGNNNNNCACTGCTTCCAGCCTCTG
465,CEP170B Psi i5 s1 R,MaP,CEP170B,PUS7,IDT,438790265,TCGTCGGCAGCGTCAGATGTGTATAAGAGACAGNNNNNGTTCCCAGCTGAAAGAATCC
466,CEP170B UCUAA-1 i7 s1 F,MaP,CEP170B,PUS7,IDT,438790266,GTCTCGTGGGCTCGGAGATGTGTATAAGAGACAGNNNNNACCAAAGTCACTGGAAGCC
467,CEP170B UCUAA-1 i5 s1 R,MaP,CEP170B,PUS7,IDT,438790267,TCGTCGGCAGCGTCAGATGTGTATAAGAGACAGNNNNNGAACCCGTACACCCAACC
468,CEP170B Psi RT,MaP,CEP170B,PUS7,IDT,438790268,GTTCCCAGCTGAAAGAATCC
469,CEP170B UCUAA-1 RT,MaP,CEP170B,PUS7,IDT,438790269,GAACCCGTACACCCAACC
470,HEXA Psi i7 s1 F,MaP,HEXA,PUS7,IDT,438790270,GTCTCGTGGGCTCGGAGATGTGTATAAGAGACAGNNNNNGTGGACAACACAAACCTGGTCC
471,HEXA Psi i5 s1 R,MaP,HEXA,PUS7,IDT,438790271,TCGTCGGCAGCGTCAGATGTGTATAAGAGACAGNNNNNCTGTGCCCTTACCCTAACG
472,HEXA UGUAG-2 i7 s1 F,MaP,HEXA,PUS7,IDT,438790272,GTCTCGTGGGCTCGGAGATGTGTATAAGAGACAGNNNNNCGTTAGGGTAAGGGCACAG
473,HEXA UGUAG-2 i5 s1 R,MaP,HEXA,PUS7,IDT,438790273,TCGTCGGCAGCGTCAGATGTGTATAAGAGACAGNNNNNCAACAAAAAAACCCACTACCAC
474,HEXA UUUAA-4 i7 s1 F,MaP,HEXA,PUS7,IDT,438790274,GTCTCGTGGGCTCGGAGATGTGTATAAGAGACAGNNNNNGCCCAGCCTAGCCAAGTCC
475,HEXA UUUAA-4 i5 s1 R,MaP,HEXA,PUS7,IDT,438790275,TCGTCGGCAGCGTCAGATGTGTATAAGAGACAGNNNNNCGAGGTCTGACGACCTTCAGG
476,HEXA Psi RT,MaP,HEXA,PUS7,IDT,438790276,CTGTGCCCTTACCCTAACG
477,HEXA UGUAG-2 RT,MaP,HEXA,PUS7,IDT,438790277,CAACAAAAAAACCCACTACCAC
478,HEXA UUUAA-4 RT,MaP,HEXA,PUS7,IDT,438790278,CGAGGTCTGACGACCTTCAGG
479,IBA57 UGUAG-5 i7 s1 F,MaP,IBA57,PUS7,IDT,438790279,GTCTCGTGGGCTCGGAGATGTGTATAAGAGACAGNNNNNGGTGGTCCACACCTGTGG
480,IBA57 UGUAG-5 i5 s1 R,MaP,IBA57,PUS7,IDT,438790280,TCGTCGGCAGCGTCAGATGTGTATAAGAGACAGNNNNNGTGCCAGGAAAGGTCTAGC
481,IBA57 Psi i7 s1 F,MaP,IBA57,PUS7,IDT,438790281,GTCTCGTGGGCTCGGAGATGTGTATAAGAGACAGNNNNNGAAAACATCCTAAGAAGTATACG
482,IBA57 Psi i5 s1 R,MaP,IBA57,PUS7,IDT,438790282,TCGTCGGCAGCGTCAGATGTGTATAAGAGACAGNNNNNGTACTGTGTGTGTGTGTTGAC
483,IBA57 UCUAA-3 i7 s1 F,MaP,IBA57,PUS7,IDT,438790283,GTCTCGTGGGCTCGGAGATGTGTATAAGAGACAGNNNNNCACACACAGTACCATAAACAAGG
484,IBA57 UCUAA-3 i5 s1 R,MaP,IBA57,PUS7,IDT,438790284,TCGTCGGCAGCGTCAGATGTGTATAAGAGACAGNNNNNGGGAAAGTTCTCAGCCG
485,IBA57 UGUAG-5 RT,MaP,IBA57,PUS7,IDT,438790285,GTGCCAGGAAAGGTCTAGC
486,IBA57 Psi RT,MaP,IBA57,PUS7,IDT,438790286,GTACTGTGTGTGTGTGTTGAC
487,IBA57 UCUAA-3 RT,MaP,IBA57,PUS7,IDT,438790287,GGGAAAGTTCTCAGCCG
488,MSN UCUAG-2 i7 s1 F,MaP,MSN,PUS7,IDT,438790288,GTCTCGTGGGCTCGGAGATGTGTATAAGAGACAGNNNNNCTATGGTGCCAATGGAACC
489,MSN UCUAG-2 i5 s1 R,MaP,MSN,PUS7,IDT,438790289,TCGTCGGCAGCGTCAGATGTGTATAAGAGACAGNNNNNCTTGAAGGCACCATTTCCC
490,MSN Psi i7 s1 F,MaP,MSN,PUS7,IDT,438790290,GTCTCGTGGGCTCGGAGATGTGTATAAGAGACAGNNNNNGGGATAAAAAGATGTTCAGTC
491,MSN Psi  i5 s1 R,MaP,MSN,PUS7,IDT,438790291,TCGTCGGCAGCGTCAGATGTGTATAAGAGACAGNNNNNCTAGCAGGGAAAATACTGACG
492,MSN UCUAG-3 i7 s1 F,MaP,MSN,PUS7,IDT,438790292,GTCTCGTGGGCTCGGAGATGTGTATAAGAGACAGNNNNNCTTCGTGGGATCTGCCC
493,MSN UCUAG-3 i5 s1 R,MaP,MSN,PUS7,IDT,438790293,TCGTCGGCAGCGTCAGATGTGTATAAGAGACAGNNNNNCTGGTTTACAGCTCCAAGG
494,MSN UCUAG-2 RT,MaP,MSN,PUS7,IDT,438790294,CTTGAAGGCACCATTTCCC
495,MSN Psi RT,MaP,MSN,PUS7,IDT,438790295,CTAGCAGGGAAAATACTGACG
496,MSN UCUAG-3 RT,MaP,MSN,PUS7,IDT,438790296,CTGGTTTACAGCTCCAAGG
497,RIMS3 UUUAA-2 i7 s1 F,MaP,RIMS3,PUS7,IDT,438790297,GTCTCGTGGGCTCGGAGATGTGTATAAGAGACAGNNNNNGCACTTAGGAGGCTCTTGGG
498,RIMS3 UUUAA-2 i5 s1 R,MaP,RIMS3,PUS7,IDT,438790298,TCGTCGGCAGCGTCAGATGTGTATAAGAGACAGNNNNNCAGAGAGACACAAAAGAGGAGC
499,RIMS3 Psi i7 s1 F,MaP,RIMS3,PUS7,IDT,438790299,GTCTCGTGGGCTCGGAGATGTGTATAAGAGACAGNNNNNCAATCTTAGCCTACGTTACCAGG
500,RIMS3 Psi i5 s1 R,MaP,RIMS3,PUS7,IDT,438790300,TCGTCGGCAGCGTCAGATGTGTATAAGAGACAGNNNNNGACTACTCAGTGAAAGACAGTCC
501,RIMS3 UUUAG-3 i7 s1 F,MaP,RIMS3,PUS7,IDT,438790301,GTCTCGTGGGCTCGGAGATGTGTATAAGAGACAGNNNNNGATGAGGCTGGGTCTTTCC
502,RIMS3 UUUAG-3 i5 s1 R,MaP,RIMS3,PUS7,IDT,438790302,TCGTCGGCAGCGTCAGATGTGTATAAGAGACAGNNNNNCAAGAATGTTGTACGAAACAGCC
503,RIMS3 UUUAA-2 RT,MaP,RIMS3,PUS7,IDT,438790303,CAGAGAGACACAAAAGAGGAGC
504,RIMS3 Psi RT,MaP,RIMS3,PUS7,IDT,438790304,GACTACTCAGTGAAAGACAGTCC
505,RIMS3 UUUAG-3 RT,MaP,RIMS3,PUS7,IDT,438790305,CAAGAATGTTGTACGAAACAGCC
506,RPL22 UCUAA-1 i7 s1 F,MaP,RPL22,PUS7,IDT,438790306,GTCTCGTGGGCTCGGAGATGTGTATAAGAGACAGNNNNNTTTCAATTCTCGTGGTAATACC
507,RPL22 UCUAA-1 i5 s1 R,MaP,RPL22,PUS7,IDT,438790307,TCGTCGGCAGCGTCAGATGTGTATAAGAGACAGNNNNNCTTACACGTTCATTTCTGTACAC
508,RPL22 Psi i7 s1 F,MaP,RPL22,PUS7,IDT,438790308,GTCTCGTGGGCTCGGAGATGTGTATAAGAGACAGNNNNNTACAAATTTCTCTTGACGCACAC
509,RPL22 Psi i5 s1 R,MaP,RPL22,PUS7,IDT,438790309,TCGTCGGCAGCGTCAGATGTGTATAAGAGACAGNNNNNCTAGCCTCTGCACTGTGG
510,RPL22 UUUAA-3 i7 s1 F,MaP,RPL22,PUS7,IDT,438790310,GTCTCGTGGGCTCGGAGATGTGTATAAGAGACAGNNNNNGGAAATAGCTGCCTCATGC
511,RPL22 UUUAA-3 i5 s1 R,MaP,RPL22,PUS7,IDT,438790311,TCGTCGGCAGCGTCAGATGTGTATAAGAGACAGNNNNNGGCAGAGAAGAAATATGCAAGC
512,RPL22 UCUAA-1 RT,MaP,RPL22,PUS7,IDT,438790312,CTTACACGTTCATTTCTGTACAC
513,RPL22 Psi RT,MaP,RPL22,PUS7,IDT,438790313,CTAGCCTCTGCACTGTGG
514,RPL22 UUUAA-3 RT,MaP,RPL22,PUS7,IDT,438790314,GGCAGAGAAGAAATATGCAAGC
515,SHMT1 UCUAG i7 s1 F,MaP,SHMT1,PUS7,IDT,438790315,GTCTCGTGGGCTCGGAGATGTGTATAAGAGACAGNNNNNGCCACAGAGGAAGCTGCC
516,SHMT1 UCUAG i5 s1 R,MaP,SHMT1,PUS7,IDT,438790316,TCGTCGGCAGCGTCAGATGTGTATAAGAGACAGNNNNNCTTCTGATTTACAGCAGAAGCC
517,SHMT1 Psi i7 s1 F,MaP,SHMT1,PUS7,IDT,438790317,GTCTCGTGGGCTCGGAGATGTGTATAAGAGACAGNNNNNGAACTGTTGACACTCGGG
518,SHMT1 Psi i5 s1 R,MaP,SHMT1,PUS7,IDT,438790318,TCGTCGGCAGCGTCAGATGTGTATAAGAGACAGNNNNNCTACACCATACTTTGAGCTACTG
519,SHMT1 UGUAA i7 s1 F,MaP,SHMT1,PUS7,IDT,438790319,GTCTCGTGGGCTCGGAGATGTGTATAAGAGACAGNNNNNTAAAATACTATGTCGCCACTTGG
520,SHMT1 UGUAA i5 s1 R,MaP,SHMT1,PUS7,IDT,438790320,TCGTCGGCAGCGTCAGATGTGTATAAGAGACAGNNNNNGGGAAGGTGACATTTGGC
521,SHMT1 UCUAG RT,MaP,SHMT1,PUS7,IDT,438790321,CTTCTGATTTACAGCAGAAGCC
522,SHMT1 Psi RT,MaP,SHMT1,PUS7,IDT,438790322,CTACACCATACTTTGAGCTACTG
523,SHMT1 UGUAA RT,MaP,SHMT1,PUS7,IDT,438790323,GGGAAGGTGACATTTGGC
524,NEBNext Nextera Adapter,Sequencing,Sequencing,Sequencing,IDT,442118915,CTGTCTCTTATACACATCTCCGAGCCCACGAGAC/ideoxyU/TCGTCGGCAGCGTCAGATGTGTATAAGAGACAG*T
525,NEBNext i501,Sequencing,Sequencing,Sequencing,IDT,442118916,AATGATACGGCGACCACCGAGATCTACACTATAGCCTACACTCTTTCCCTACACGACGCTCTTCCGATCT
526,NEBNext i701,Sequencing,Sequencing,Sequencing,IDT,442118917,CAAGCAGAAGACGGCATACGAGATCGAGTAATGTGACTGGAGTTCAGACGTGTGCTCTTCCGATCT
527,MALAT1 qPCR3 F,qPCR,MALAT1,MALAT1,IDT,439623938,GGTTTCTAAAACATGACGGAGGTTG
528,MALAT1 qPCR3 R,qPCR,MALAT1,MALAT1,IDT,439623939,GTATTAATTCGGGGCTCTGTAGTCC
529,18S qPCR F,qPCR,18S,all,IDT,439623940,TTCGAAGACGATCAGATACCGTCG
530,18S qPCR R,qPCR,18S,all,IDT,439623941,CCCGGAACCCAAAGACTTTGG
531,Cas3 gRNA inv PCR F,cloning,pDECKO-Cas9,MALAT1,IDT,439900523,tgtacgtctctAGGCGGCTGTGTGTTGAAACttttttgaattcgctagctag
532,Cas3 gRNA inv PCR R,cloning,pDECKO-Cas9,MALAT1,IDT,441053162,caaccgtctccAGCCGCCTAGAGGCGGCTGAcggtgtttcgtcctttc
533,AIO backbone amp F,cloning,pCASCADE,MALAT1,IDT,439900525,gcaacaaacttctctctgctg
534,AIO backbone amp R,cloning,pCASCADE,MALAT1,IDT,443232516,tcccactcctttcaagacctaaaaaagctagctcgtcctttccacaagaTATATAAAgcc
535,Cascade Amp F,cloning,pYZ991,MALAT1,IDT,443232517,aggtcttgaaaggagtgggaatcgataagcttgggagttccg
536,Cascade Amp R,cloning,pYZ991,MALAT1,IDT,443232518,ccacgtcgccacaggtcagcagagagccccggccctcagcgagtcCggcggtcttggcc
537,Cas3 Amp F,cloning,pYZ990,MALAT1,IDT,439900529,gctgacctgtggcgacgtggaggagaaccccggccccATGAACTTCGACTATATCGCCC
538,Cas3 Amp R,cloning,pYZ990,MALAT1,IDT,439900530,agcagagagaagtttgttgcCACTTTCCGCTTTTTCTTGGG
539,E2A seq F,Sanger,pCASCADE,MALAT1,IDT,439900531,gtccaaccctggaccc
540,WPRE seq R,Sanger,lenti,all,IDT,439900532,catagcgtaaaaggagcaaca
541,pYZ990 delBsmBI INV F,cloning,pYZ990,MALAT1,IDT,440487001,acgccatccacgctgttttg
542,pYZ990 delBsmBI INV R,cloning,pYZ990,MALAT1,IDT,440487002,tccaggcgatctgacggttc
543,pYZ991 delBsmBI INV R,cloning,pYZ991,MALAT1,IDT,442866025,tccacgtcaccagccagcttcaacagggc
544,i7 Index1 1382,Sequencing,seq libraries,All,IDT,441342864,CAAGCAGAAGACGGCATACGAGATACTACACGTGTCTCGTGGGCTCGG
545,i7 Index1 1383,Sequencing,seq libraries,All,IDT,441342865,CAAGCAGAAGACGGCATACGAGATCGCCTGGATGTCTCGTGGGCTCGG
546,i7 Index1 1384,Sequencing,seq libraries,All,IDT,441342866,CAAGCAGAAGACGGCATACGAGATGCCTCATCTGTCTCGTGGGCTCGG
547,i7 Index1 1385,Sequencing,seq libraries,All,IDT,441342867,CAAGCAGAAGACGGCATACGAGATTGTGAGAGGGTCTCGTGGGCTCGG
548,i7 Index1 1386,Sequencing,seq libraries,All,IDT,441342868,CAAGCAGAAGACGGCATACGAGATATTCACGTTGTCTCGTGGGCTCGG
549,i7 Index1 1387,Sequencing,seq libraries,All,IDT,441342869,CAAGCAGAAGACGGCATACGAGATCTATCTTGTGTCTCGTGGGCTCGG
550,i7 Index1 1388,Sequencing,seq libraries,All,IDT,441342870,CAAGCAGAAGACGGCATACGAGATGAATAGGCGGTCTCGTGGGCTCGG
551,i7 Index1 1389,Sequencing,seq libraries,All,IDT,441342871,CAAGCAGAAGACGGCATACGAGATTACGCGCGTGTCTCGTGGGCTCGG
552,i5 Index2 143,Sequencing,seq libraries,All,IDT,441342872,AATGATACGGCGACCACCGAGATCTACACGGCACTCGTCGTCGGCAGCGTC
553,i5 Index2 144,Sequencing,seq libraries,All,IDT,441342873,AATGATACGGCGACCACCGAGATCTACACTGTTCGGATCGTCGGCAGCGTC
554,i5 Index2 145,Sequencing,seq libraries,All,IDT,441342874,AATGATACGGCGACCACCGAGATCTACACCTCCATCCTCGTCGGCAGCGTC
555,i5 Index2 146,Sequencing,seq libraries,All,IDT,441342875,AATGATACGGCGACCACCGAGATCTACACTACCTGCATCGTCGGCAGCGTC
556,i5 Index2 147,Sequencing,seq libraries,All,IDT,441342876,AATGATACGGCGACCACCGAGATCTACACGGAGGTGCTCGTCGGCAGCGTC
557,i5 Index2 148,Sequencing,seq libraries,All,IDT,441342877,AATGATACGGCGACCACCGAGATCTACACATCTCTCGTCGTCGGCAGCGTC
558,i5 Index2 149,Sequencing,seq libraries,All,IDT,441342878,AATGATACGGCGACCACCGAGATCTACACAGTAATCGTCGTCGGCAGCGTC
559,i5 Index2 150,Sequencing,seq libraries,All,IDT,441342879,AATGATACGGCGACCACCGAGATCTACACGATGGAACTCGTCGGCAGCGTC
560,Hs18S DNA Northern probe,northern blotting,18S rRNA,All,IDT,441460069,CCTTGGATGTGGTAGCCGTTTCTCAGGCTCCCTCTCCG
561,pYZ991 delBsmBI INV F,cloning,pYZ991,MALAT1,IDT,442866026,gtccaaccctggaccctcc
562,Cascade Amp 1 R,cloning,pYZ991,MALAT1,IDT,,gattctaggcaggtttccggc
563,Cascade Amp 2 F,cloning,pYZ991,MALAT1,IDT,,ctgatgccggaaacctgcctagaatc
564,CDC42 Psi Gibson F,Gibson,CDC42,PUS7,IDT,444825946,AGTCGCTCGAGGGCTGGTACTGATTTTTTTGGGAAGTTAATTTCTAAC
565,CDC42 Psi Gibson R,Gibson,CDC42,PUS7,IDT,444825947,GCTCGTGCTAGCAACGGTACCCTGGCTGCTCTAGGG
566,CDC42 Psi Inv PCR F,Inverse PCR,CDC42,PUS7,IDT,444825948,CAGAGGAAATACGAGGGGTGG
567,CDC42 Psi Inv PCR R,Inverse PCR,CDC42,PUS7,IDT,444825949,CATAACAGGTCTTCAGCTGC
568,IBA57 Psi Gibson F,Gibson,IBA57,PUS7,IDT,444825950,AGTCGCTCGAGGGCTGGTACGAAAACATCCTAAGAAGTATACG
569,IBA57 Psi Gibson R,Gibson,IBA57,PUS7,IDT,444825951,GCTCGTGCTAGCAACGGTACGTACTGTGTGTGTGTGTTGAC
570,IBA57 Psi Inv PCR F,Inverse PCR,IBA57,PUS7,IDT,444825952,CAGGAGTGGTCCCTGGC
571,IBA57 Psi Inv PCR R,Inverse PCR,IBA57,PUS7,IDT,444825953,CAGCTTGGAGCCCATGG
572,RIMS3 Psi Gibson F,Gibson,RIMS3,PUS7,IDT,444825954,AGTCGCTCGAGGGCTGGTACCAATCTTAGCCTACGTTACCAGG
573,RIMS3 Psi Gibson R,Gibson,RIMS3,PUS7,IDT,444825955,GCTCGTGCTAGCAACGGTACGACTACTCAGTGAAAGACAGTCC
574,RIMS3 Psi Inv PCR F,Inverse PCR,RIMS3,PUS7,IDT,444825956,CAGATGAGTTGCCCTCCACC
575,RIMS3 Psi Inv PCR R,Inverse PCR,RIMS3,PUS7,IDT,444825957,CAACATCAAGCAAAGGCAGC
576,RPL22 Psi Gibson F,Gibson,RPL22,PUS7,IDT,444825958,AGTCGCTCGAGGGCTGGTACTACAAATTTCTCTTGACGCACAC
577,RPL22 Psi Gibson R,Gibson,RPL22,PUS7,IDT,444825959,GCTCGTGCTAGCAACGGTACCTAGCCTCTGCACTGTGG
578,RPL22 Psi Inv PCR F,Inverse PCR,RPL22,PUS7,IDT,444825960,CAGGAATAGTGCTTCCAGATGTGG
579,RPL22 Psi Inv PCR R,Inverse PCR,RPL22,PUS7,IDT,444825961,CAGCTCCCTCTGCTGG
580,SHMT1 Psi Gibson F,Gibson,SHMT1,PUS7,IDT,444825962,AGTCGCTCGAGGGCTGGTACGAACTGTTGACACTCGGG
581,SHMT1 Psi Gibson R,Gibson,SHMT1,PUS7,IDT,444825963,GCTCGTGCTAGCAACGGTACCTACACCATACTTTGAGCTACTG
582,SHMT1 Psi Inv PCR F,Inverse PCR,SHMT1,PUS7,IDT,444825964,CAGCGTTTTACTCTCCCTGG
583,SHMT1 Psi Inv PCR R,Inverse PCR,SHMT1,PUS7,IDT,444825965,CAATCTTTCTAACAGCTTTGCC
584,BS CDC42 Psi s1 i7 F,BID-Seq,CDC42,PUS7,IDT,444825966,GTCTCGTGGGCTCGGAGATGTGTATAAGAGACAGNNNNNCTTATATGCTTAGCATAGATTTGCAGC
585,BS CDC42 Psi s1 i5 R,BID-Seq ,CDC42,PUS7,IDT,444825967,TCGTCGGCAGCGTCAGATGTGTATAAGAGACAGNNNNNCCATCCTCCTAACTTGAGAGG
586,BS CDC42 UCUAA-1 s1 i7 F,BID-Seq ,CDC42,PUS7,IDT,444825968,GTCTCGTGGGCTCGGAGATGTGTATAAGAGACAGNNNNNGGACGCACTATATGTGACTG
587,BS CDC42 UCUAA-1 s1 i5 R,BID-Seq ,CDC42,PUS7,IDT,444825969,TCGTCGGCAGCGTCAGATGTGTATAAGAGACAGNNNNNTTACAAACTCAATTCATTTGGTGC
588,BS CDC42 Psi RT,BID-Seq ,CDC42,PUS7,IDT,444825970,CCATCCTCCTAACTTGAGAGG
589,BS CDC42 UCUAA-1 RT,BID-Seq ,CDC42,PUS7,IDT,444825971,TTACAAACTCAATTCATTTGGTGC
590,BS IBA57 Psi s1 i7 F,BID-Seq ,IBA57,PUS7,IDT,444825972,GTCTCGTGGGCTCGGAGATGTGTATAAGAGACAGNNNNNCAGGAAAGGCAAGGCAGGG
591,BS IBA57 Psi s1 i5 R,BID-Seq ,IBA57,PUS7,IDT,444825973,TCGTCGGCAGCGTCAGATGTGTATAAGAGACAGNNNNNAATGCAGCCTCACCAGTCC
592,BS IBA57 UCUAA-3 s1 i7 F,BID-Seq ,IBA57,PUS7,IDT,444825974,GTCTCGTGGGCTCGGAGATGTGTATAAGAGACAGNNNNNGCAAGAGACTATAAAAATGACC
593,BS IBA57 UCUAA-3 s1 i5 R,BID-Seq ,IBA57,PUS7,IDT,444825975,TCGTCGGCAGCGTCAGATGTGTATAAGAGACAGNNNNNCTTTCTGTGCTGCACTTTGG
594,BS IBA57 Psi RT,BID-Seq ,IBA57,PUS7,IDT,444825976,AATGCAGCCTCACCAGTCC
595,BS IBA57 UCUAA-3 RT,BID-Seq ,IBA57,PUS7,IDT,444825977,CTTTCTGTGCTGCACTTTGG
596,BS RIMS3 Psi s1 i7 F,BID-Seq ,RIMS3,PUS7,IDT,444825978,GTCTCGTGGGCTCGGAGATGTGTATAAGAGACAGNNNNNCTCCTCTTTTGTGTCTCTCTGG
597,BS RIMS3 Psi s1 i5 R,BID-Seq ,RIMS3,PUS7,IDT,444825979,TCGTCGGCAGCGTCAGATGTGTATAAGAGACAGNNNNNCACTGCTGGACAACCTTCTGG
598,BS RIMS3 UUUAA-2 s1 i7 F,BID-Seq ,RIMS3,PUS7,IDT,444825980,GTCTCGTGGGCTCGGAGATGTGTATAAGAGACAGNNNNNCATGGTCATGCCACCCACC
599,BS RIMS3 UUUAA-2 s1 i5 R,BID-Seq ,RIMS3,PUS7,IDT,444825981,TCGTCGGCAGCGTCAGATGTGTATAAGAGACAGNNNNNGGTAACGTAGGCTAAGATTGTGC
600,BS RIMS3 Psi RT,BID-Seq ,RIMS3,PUS7,IDT,444825982,CACTGCTGGACAACCTTCTGG
601,BS RIMS3 UUUAA-2 RT,BID-Seq ,RIMS3,PUS7,IDT,444825983,GGTAACGTAGGCTAAGATTGTGC
602,BS RPL22 Psi s1 i7 F,BID-Seq ,RPL22,PUS7,IDT,444825984,GTCTCGTGGGCTCGGAGATGTGTATAAGAGACAGNNNNNGTGTACAGAAATGAACGTGTAAG
603,BS RPL22 Psi s1 i5 R,BID-Seq ,RPL22,PUS7,IDT,444825985,TCGTCGGCAGCGTCAGATGTGTATAAGAGACAGNNNNNCAGAGCTCTTGGCATCAGG
604,BS RPL22 UUUAA-3 s1 i7 F,BID-Seq ,RPL22,PUS7,IDT,444825986,GTCTCGTGGGCTCGGAGATGTGTATAAGAGACAGNNNNNCTTCTGAAATTCAAACAGTAATGC
605,BS RPL22 UUUAA-3 s1 i5 R,BID-Seq ,RPL22,PUS7,IDT,444825987,TCGTCGGCAGCGTCAGATGTGTATAAGAGACAGNNNNNGCATTGAACTTCCAGCTATGC
606,BS RPL22 Psi RT,BID-Seq ,RPL22,PUS7,IDT,444825988,CAGAGCTCTTGGCATCAGG
607,BS RPL22 UUUAA-3 RT,BID-Seq ,RPL22,PUS7,IDT,444825989,GCATTGAACTTCCAGCTATGC
608,BS SHMT1 Psi s1 i5 R,BID-Seq ,SHMT1,PUS7,IDT,444825990,TCGTCGGCAGCGTCAGATGTGTATAAGAGACAGNNNNNCTGTGGACATGGGCATTTCC
609,BS SHMT1 UGUAA s1 i7 F,BID-Seq ,SHMT1,PUS7,IDT,444825991,GTCTCGTGGGCTCGGAGATGTGTATAAGAGACAGNNNNNCTCACTATCTTGTTATCCAGTGG
610,BS SHMT1 Psi RT,BID-Seq ,SHMT1,PUS7,IDT,444825992,CTGTGGACATGGGCATTTCC
611,ARL611 i7 PUS7 promoter F,MaP,PUS7,PUS7,IDT,446301310,GTCTCGTGGGCTCGGAGATGTGTATAAGAGACAGNNNNNTGTTTTCTTGGAGCCTTAAAGATGG
612,ARL613 i7 PUS7 ,MaP,PUS7,PUS7,IDT,446301311,TCGTCGGCAGCGTCAGATGTGTATAAGAGACAGNNNNN GAGAACTCACAAACTTGGTGATGCC
613,ARL613 i7 PUS7 gene F,MaP,PUS7,PUS7,IDT,446301312,GTCTCGTGGGCTCGGAGATGTGTATAAGAGACAGNNNNNacagaggtatttgctctcacagagg
614,ARL613 i5 PUS7 gene R,MaP,PUS7,PUS7,IDT,446301313,TCGTCGGCAGCGTCAGATGTGTATAAGAGACAGNNNNNctcacctgctgcagtgccttttcc
