Number,Name,sequence,Type,target vector,Order #,Ref #
CWML01,B2r-V5-TEV-Halotag-stop-B3 gblock,ggcaagcccatccccaaccccctgctgggcctggacagcaccgctagcGAGCCAACCACTGAGAACCTCTACTTCCAGGGCGATAACGCGATCGCCgcagaaatcggtactggctttccattcgacccccattatgtggaagtcctgggcgagcgcatgcactacgtcgatgttggtccgcgcgatggcacccctgtgctgttcctgcacggtaacccgacctcctcctacgtgtggcgcaacatcatcccgcatgttgcaccgacccatcgctgcattgctccagacctgatcggtatgggcaaatccgacaaaccagacctgggttatttcttcgacgaccacgtccgcttcatggatgccttcatcgaagccctgggtctggaagaggtcgtcctggtcattcacgactggggctccgctctgggtttccactgggccaagcgcaatccagagcgcgtcaaaggtattgcatttatggagttcatccgccctatcccgacctgggacgaatggccagaatttgcccgcgagaccttccaggccttccgcaccaccgacgtcggccgcaagctgatcatcgatcagaacgtttttatcgagggtacgctgccgatgggtgtcgtccgcccgctgactgaagtcgagatggaccattaccgcgagccgttcctgaatcctgttgaccgcgagccactgtggcgcttcccaaacgagctgccaatcgccggtgagccagcgaacatcgtcgcgctggtcgaagaatacatggactggctgcaccagtcccctgtcccgaagctgctgttctggggcaccccaggcgttctgatcccaccggccgaagccgctcgcctggccaaaagcctgcctaactgcaaggctgtggacatcggcccgggtctgaatctgctgcaagaagacaacccggacctgatcggcagcgagatcgcgcgctggctgtcgacgctcgagatttccggcTAA,gBlock,pDONR234-C,16918659,276265690
CWML02,attB2r V5 amp F,GGGGCCAACTTTCTTGTACAAAGTGGGCggcaagcccatccccaacc,PCR amp,pDONR234-C,16918659,276265686
CWML03,attB3 Stop HT7 amp R,GGGGACAACTTTGTATAATAAAGTTGGCTTAgccggaaatctcgagcgtc,PCR amp,pDONR234-C,16918659,276265687
CWML04,kz-HaloTag-TEV-V5 gblock,GGCCACCATGGGAgcagaaatcggtactggctttccattcgacccccattatgtggaagtcctgggcgagcgcatgcactacgtcgatgttggtccgcgcgatggcacccctgtgctgttcctgcacggtaacccgacctcctcctacgtgtggcgcaacatcatcccgcatgttgcaccgacccatcgctgcattgctccagacctgatcggtatgggcaaatccgacaaaccagacctgggttatttcttcgacgaccacgtccgcttcatggatgccttcatcgaagccctgggtctggaagaggtcgtcctggtcattcacgactggggctccgctctgggtttccactgggccaagcgcaatccagagcgcgtcaaaggtattgcatttatggagttcatccgccctatcccgacctgggacgaatggccagaatttgcccgcgagaccttccaggccttccgcaccaccgacgtcggccgcaagctgatcatcgatcagaacgtttttatcgagggtacgctgccgatgggtgtcgtccgcccgctgactgaagtcgagatggaccattaccgcgagccgttcctgaatcctgttgaccgcgagccactgtggcgcttcccaaacgagctgccaatcgccggtgagccagcgaacatcgtcgcgctggtcgaagaatacatggactggctgcaccagtcccctgtcccgaagctgctgttctggggcaccccaggcgttctgatcccaccggccgaagccgctcgcctggccaaaagcctgcctaactgcaaggctgtggacatcggcccgggtctgaatctgctgcaagaagacaacccggacctgatcggcagcgagatcgcgcgctggctgtcgacgctcgagatttccggcGAGCCAACCACTGAGAACCTCTACTTCCAGGGCGATAACGCGATCGCCgctagcGGCAAGCCCATCCCCAACCCCCTGCTGGGCCTGGACAGCACC,gBlock,pDONR235-N,16918659,276265691
CWML05,attB5r kz HT amp F,GGGGGCCAACTTTTGTATACAAAGTGGGCCACCATGGGAgcagaaatcg,PCR amp,pDONR235-N,16918659,276265688
CWML06,attB1r V5 amp R,GGGGCCAACTTTTTTGTACAAAGTTGTGGTGCTGTCCAGGCCC,PCR amp,pDONR235-N,16918659,276265689
CWML07,attB1 CDK11A amp F,GGGGACAAGTTTGTACAAAAAAGCAGGCTCCACCATGGGTGATGAAAAGGACTCTTGGAAAG,PCR amp,pDONR221-N,16932994,276783163
CWML08,attB2 stop CDK11A amp R,GGGGACCACTTTGTACAAGAAAGCTGGGTCCTAGAACTTGAGGCTGAAGCCGG,PCR amp,pDONR221-N,16932994,276783164
CWML09,attB1 CDK11A amp F,GGGGACAAGTTTGTACAAAAAAGTTGGCATGGGTGATGAAAAGGACTCTTGGAAAG,PCR amp,pDONR223-C,16932994,276783165
CWML10,attB2 no stop CDK11A amp R,GGGGACCACTTTGTACAAGAAAGTTGGGTAGAACTTGAGGCTGAAGCCGG,PCR amp,pDONR223-C,16932994,276783166
CWML11,attB1 STK17A amp F,GGGGACAAGTTTGTACAAAAAAGCAGGCTCCACCATGATCCCTTTGGAGAAGCCAGG,PCR amp,pDONR221-N,16932994,276783167
CWML12,attB2 stop STK17A amp R,GGGGACCACTTTGTACAAGAAAGCTGGGTCCTAAACGTAGATAAATTCTCCTGGAATTTCTTGTAGC,PCR amp,pDONR221-N,16932994,276783168
CWML13,attB1 STK17A amp F,GGGGACAAGTTTGTACAAAAAAGTTGGCATGATCCCTTTGGAGAAGCCAGG,PCR amp,pDONR223-C,16932994,276783169
CWML14,attB2 no stop STK17A amp R,GGGGACCACTTTGTACAAGAAAGTTGGGTAAACGTAGATAAATTCTCCTGGAATTTCTTGTAGC,PCR amp,pDONR223-C,16932994,276783170
CWML15,attB1 MAST3 amp F,GGGGACAAGTTTGTACAAAAAAGCAGGCTCCACCATGGACGAGTCGAGCCTCC,PCR amp,pDONR221-N,16932994,276783171
CWML16,attB2 stop MAST3 amp R,GGGGACCACTTTGTACAAGAAAGCTGGGTCCTAGTCTCTTCCGGTGGGCCC,PCR amp,pDONR221-N,16932994,276783172
CWML17,attB1 MAST3 amp F,GGGGACAAGTTTGTACAAAAAAGTTGGCATGGACGAGTCGAGCCTCC,PCR amp,pDONR223-C,16932994,276783173
CWML18,attB2 no stop MAST3 amp R,GGGGACCACTTTGTACAAGAAAGTTGGGTAGTCTCTTCCGGTGGGCCC,PCR amp,pDONR223-C,16932994,276783174
CWML19,attB1 CLK4 amp F,GGGGACAAGTTTGTACAAAAAAGCAGGCTCCACCATGATGCGGCATTCCAAAAGAACTCAC,PCR amp,pDONR221-N,16932994,276783175
CWML20,attB2 stop CLK4 amp R,GGGGACCACTTTGTACAAGAAAGCTGGGTCCTATTTCTTTTTTAATAAGTCAAAGAAAGGATGCTGC,PCR amp,pDONR221-N,16932994,276783176
CWML21,attB1 CLK4 amp F,GGGGACAAGTTTGTACAAAAAAGTTGGCATGATGCGGCATTCCAAAAGAACTCAC,PCR amp,pDONR223-C,16932994,276783177
CWML22,attB2 no stop CLK4 amp R,GGGGACCACTTTGTACAAGAAAGTTGGGTATTTCTTTTTTAATAAGTCAAAGAAAGGATGCTGC,PCR amp,pDONR223-C,16932994,276783178
CWML23,attB1 DYRK2 amp F,GGGGACAAGTTTGTACAAAAAAGCAGGCTCCACCATGAATGATCACCTGCATGTCGG,PCR amp,pDONR221-N,16932994,276783179
CWML24,attB2 stop DYRK2 amp R,GGGGACCACTTTGTACAAGAAAGCTGGGTCCTAGCTAACAAGTTTTGGCAACACTGTC,PCR amp,pDONR221-N,16932994,276783180
CWML25,attB1 DYRK2 amp F,GGGGACAAGTTTGTACAAAAAAGTTGGCATGAATGATCACCTGCATGTCGG,PCR amp,pDONR223-C,16932994,276783181
CWML26,attB2 no stop DYRK2 amp R,GGGGACCACTTTGTACAAGAAAGTTGGGTAGCTAACAAGTTTTGGCAACACTGTC,PCR amp,pDONR223-C,16932994,276783182
CWML27,attB1 RIOK1 amp F,GGGGACAAGTTTGTACAAAAAAGCAGGCTCCACCATGGACTACCGGCGGCTTC,PCR amp,pDONR221-N,16932994,276783183
CWML28,attB2 stop RIOK1 amp R,GGGGACCACTTTGTACAAGAAAGCTGGGTCCTATTTGCCTTTTTTCGTCTTGGCTGTC,PCR amp,pDONR221-N,16932994,276783184
CWML29,attB1 RIOK1 amp F,GGGGACAAGTTTGTACAAAAAAGTTGGCATGGACTACCGGCGGCTTC,PCR amp,pDONR223-C,16932994,276783185
CWML30,attB2 no stop RIOK1 amp R,GGGGACCACTTTGTACAAGAAAGTTGGGTATTTGCCTTTTTTCGTCTTGGCTGTC,PCR amp,pDONR223-C,16932994,276783186
CWML31,attB1 SCYL1 amp F,GGGGACAAGTTTGTACAAAAAAGCAGGCTCCACCATGTGGTTCTTTGCCCGGG,PCR amp,pDONR221-N,16932994,276783187
CWML32,attB2 stop SCYL1 amp R,GGGGACCACTTTGTACAAGAAAGCTGGGTCCTAGTCCAGCTTCCGGGCTCC,PCR amp,pDONR221-N,16932994,276783188
CWML33,attB1 SCYL1 amp F,GGGGACAAGTTTGTACAAAAAAGTTGGCATGTGGTTCTTTGCCCGGG,PCR amp,pDONR223-C,16932994,276783189
CWML34,attB2 no stop SCYL1 amp R,GGGGACCACTTTGTACAAGAAAGTTGGGTAGTCCAGCTTCCGGGCTCC,PCR amp,pDONR223-C,16932994,276783190
CWML35,attB1 CDK11B amp F,GGGGACAAGTTTGTACAAAAAAGCAGGCTCCACCATGGGTGATGAAAAGGACTCTTGG,PCR amp,pDONR221-N,16952481,277339860
CWML36,attB2 stop CDK11B amp R,GGGGACCACTTTGTACAAGAAAGCTGGGTCCTAGAACTTGAGGCTGAAGCCGG,PCR amp,pDONR221-N,16952481,277339861
CWML37,attB1 CDK11B amp F,GGGGACAAGTTTGTACAAAAAAGTTGGCATGGGTGATGAAAAGGACTCTTGG,PCR amp,pDONR223-C,16952481,277339862
CWML38,attB2 no stop CDK11B amp R,GGGGACCACTTTGTACAAGAAAGTTGGGTAGAACTTGAGGCTGAAGCCGG,PCR amp,pDONR223-C,16952481,277339863
CWML39,221 Gibson amp F,GACCCAGCTTTCTTGTACAAAGTTGGCATTATAAG,PCR amp,pDONR221-N,86888237,
CWML40,221 Gibson amp R,GGTGGAGCCTGCTTTTTTGTACAAAGTTGGCATTATAAAAAAGC,PCR amp,pDONR221-N,86888237,
CWML41,223 Gibson Amp F,TACCCAACTTTCTTGTACAAAGTTGGCATTATAAGAAAG,PCR amp,pDONR223-C,86888237,
CWML42,223 Gibson Amp R,GCCAACTTTTTTGTACAAAGTTGGCATTATAAAAAAGCATTG,PCR amp,pDONR223-C,86888237,
CWML43,SCYL1 frag1 Gibson 221 F,CCAACTTTGTACAAAAAAGCAGGCTCCACCATGTGGTTCTTTGCCCGGG,PCR amp,pDONR221-N,86888237,
CWML44,SCYL1 frag1 Gibson 223 F,ATAATGCCAACTTTGTACAAAAAAGTTGGCATGTGGTTCTTTGCCCGGG,PCR amp,pDONR223-C,86888237,
CWML45,SCYL1 frag1 Gibson R,CTGGATGAACTGCTCCATCTGC,PCR amp,pDONR 221/223,86888237,
CWML46,SCYL1 frag2 Gibson F,ATGTTCTCATCCACTGACCGGG,PCR amp,pDONR 221/223,86888237,
CWML47,SCYL1 frag2 Gibson 221 R,AATGCCAACTTTGTACAAGAAAGCTGGGTCTCAGTCCAGCTTCCGGGCTCC,PCR amp,pDONR221-N,86888237,
CWML48,SCYL1 frag2 Gibson 223 R,AATGCCAACTTTGTACAAGAAAGTTGGGTATCAGTCCAGCTTCCGGGCTCC,PCR amp,pDONR223-C,86888237,
CWML49,SCYL1 frag2 alt Gibson 221 R,AATGCCAACTTTGTACAAGAAAGCTGGGTCTCATGGGGCCCTTGGCCAC,PCR amp,pDONR221-N,86888237,
CWML50,SCYL1 frag2 alt Gibson 223 R,AATGCCAACTTTGTACAAGAAAGTTGGGTATCATGGGGCCCTTGGCCAC,PCR amp,pDONR223-C,86888237,
CWML51,CDK11A frag1 Gibson 221 F,CCAACTTTGTACAAAAAAGCAGGCTCCACCATGGGTGATGAAAAGGACTCTTGGAAAG,PCR amp,pDONR221-N,86888237,
CWML52,CDK11A frag1 Gibson 223 F,ATAATGCCAACTTTGTACAAAAAAGTTGGCATGGGTGATGAAAAGGACTCTTGGAAAG,PCR amp,pDONR223-C,86888237,
CWML53,CDK11A frag1 Gibson R,CGAACCGTGACTCTGGAACAAC,PCR amp,pDONR 221/223,86888237,
CWML54,CDK11A frag2 Gibson F,ACGAGAAAATGAAAACCACCTCTTGG,PCR amp,pDONR 221/223,86888237,
CWML55,CDK11A frag2 Gibson 221 R,AATGCCAACTTTGTACAAGAAAGCTGGGTCTCAGAACTTGAGGCTGAAGCCGG,PCR amp,pDONR221-N,86888237,
CWML56,CDK11A frag2 Gibson 223 R,AATGCCAACTTTGTACAAGAAAGTTGGGTATCAGAACTTGAGGCTGAAGCCGG,PCR amp,pDONR223-C,86888237,
CWML57,CDK11B frag1 Gibson 221 F,CCAACTTTGTACAAAAAAGCAGGCTCCACCATGGGTGATGAAAAGGACTCTTGG,PCR amp,pDONR221-N,86888237,
CWML58,CDK11B frag1 Gibson 223 F,ATAATGCCAACTTTGTACAAAAAAGTTGGCATGGGTGATGAAAAGGACTCTTGG,PCR amp,pDONR223-C,86888237,
CWML59,CDK11B frag1 Gibson R,GTTCCCTCACCCACTTCTTCC,PCR amp,pDONR 221/223,86888237,
CWML60,CDK11B frag2 Gibson F,CCGAGATTCCGGGGAGAGTG,PCR amp,pDONR 221/223,86888237,
CWML61,CDK11B frag2 Gibson 221 R,AATGCCAACTTTGTACAAGAAAGCTGGGTCTCAGAACTTGAGGCTGAAGCCGG,PCR amp,pDONR221-N,86888237,
CWML62,CDK11B frag2 Gibson 223 R,AATGCCAACTTTGTACAAGAAAGTTGGGTATCAGAACTTGAGGCTGAAGCCGG,PCR amp,pDONR223-C,86888237,
CWML63,MAST3 frag1 Gibson 221 F,CCAACTTTGTACAAAAAAGCAGGCTCCACCATGGACGAGTCGAGCCTCC,PCR amp,pDONR221-N,86888237,
CWML64,MAST3 frag1 Gibson 223 F,ATAATGCCAACTTTGTACAAAAAAGTTGGCATGGACGAGTCGAGCCTCC,PCR amp,pDONR223-C,86888237,
CWML65,MAST3 frag1 Gibson R,GTCTCAAAGGAGCAGAACATGCTG,PCR amp,pDONR 221/223,86888237,
CWML66,MAST3 frag2 Gibson F,GAGAACCCCTTTGTGGTCAGC,PCR amp,pDONR 221/223,86888237,
CWML67,MAST3 frag2 Gibson R,CGTGGCTGAGAGCAGCTG,PCR amp,pDONR 221/223,86888237,
CWML68,MAST3 frag3 Gibson F,CGAGCCTTTCTGCCGACAC,PCR amp,pDONR 221/223,86888237,
CWML69,MAST3 frag3 Gibson 221 R,AATGCCAACTTTGTACAAGAAAGCTGGGTCTCAGTCTCTTCCGGTGGGCCC,PCR amp,pDONR221-N,86888237,
CWML70,MAST3 frag3 Gibson 223 R,AATGCCAACTTTGTACAAGAAAGTTGGGTATCAGTCTCTTCCGGTGGGCCC,PCR amp,pDONR223-C,86888237,
,ML-SIC-i5-Index2-135,AATGATACGGCGACCACCGAGATCTACACAAGAAATCGTCGGCAGCGTC,seq index,,86984146,
,ML-SIC-i5-Index2-136,AATGATACGGCGACCACCGAGATCTACACTCTTCATCGTCGGCAGCGTC,seq index,,86984146,
,ML-SIC-i5-Index2-137,AATGATACGGCGACCACCGAGATCTACACAAGCTGTCGTCGGCAGCGTC,seq index,,86984146,
,ML-SIC-i5-Index2-138,AATGATACGGCGACCACCGAGATCTACACTCCGGCTCGTCGGCAGCGTC,seq index,,86984146,
,ML-SIC-i5-Index2-139,AATGATACGGCGACCACCGAGATCTACACCCTAGATCGTCGGCAGCGTC,seq index,,86984146,
,ML-SIC-i5-Index2-140,AATGATACGGCGACCACCGAGATCTACACTGATTTTCGTCGGCAGCGTC,seq index,,86984146,
,ML-SIC-i7-index-1374,CAAGCAGAAGACGGCATACGAGATCGGTAGGATGTCTCGTGGGCTCGG,seq index,,86984146,
,ML-SIC-i7-index-1375,CAAGCAGAAGACGGCATACGAGATGCCATTCTAGTCTCGTGGGCTCGG,seq index,,86984146,
,ML-SIC-i7-index-1376,CAAGCAGAAGACGGCATACGAGATTAAGTCGCGGTCTCGTGGGCTCGG,seq index,,86984146,
,ML-SIC-i7-index-1377,CAAGCAGAAGACGGCATACGAGATGGGTGTTCGGTCTCGTGGGCTCGG,seq index,,86984146,
,ML-SIC-i7-index-1378,CAAGCAGAAGACGGCATACGAGATACCGGGCATGTCTCGTGGGCTCGG,seq index,,86984146,
,ML-SIC-i7-index-1379,CAAGCAGAAGACGGCATACGAGATTCGAAAGCAGTCTCGTGGGCTCGG,seq index,,86984146,
CWML71,attB1 CDK11A-32Kp amp F,GGGGACAAGTTTGTACAAAAAAGCAGGCTCCACCATGGGCGATGAGAAGGACTCTTG,PCR amp,pDONR221-N,86988601,
CWML72,attB2 stop CDK11A-32Kp amp R,GGGGACCACTTTGTACAAGAAAGCTGGGTCCTAAAACTTCAGAGAGAAGCCTGGTCC,PCR amp,pDONR221-N,86988601,
CWML73,attB1 CDK11A-32Kp amp F,GGGGACAAGTTTGTACAAAAAAGTTGGCATGGGCGATGAGAAGGACTCTTG,PCR amp,pDONR223-C,86988601,
CWML74,attB2 no stop CDK11A-32Kp amp R,GGGGACCACTTTGTACAAGAAAGTTGGGTAAAACTTCAGAGAGAAGCCTGGTCC,PCR amp,pDONR223-C,86988601,
CWML75,attB1 SRPK3-32Kp amp F,GGGGACAAGTTTGTACAAAAAAGCAGGCTCCACCATGAGCGCCAGCACGGG,PCR amp,pDONR221-N,86994932,
CWML76,attB2 stop SRPK3-32Kp amp R,GGGGACCACTTTGTACAAGAAAGCTGGGTCCTACAAGGGGTTGAGCCAGGGGTG,PCR amp,pDONR221-N,86994932,
CWML77,attB1 SRPK3-32Kp amp F,GGGGACAAGTTTGTACAAAAAAGTTGGCATGAGCGCCAGCACGGG,PCR amp,pDONR223-C,86994932,
CWML78,attB2 no stop SRPK3-32Kp amp R,GGGGACCACTTTGTACAAGAAAGTTGGGTACAAGGGGTTGAGCCAGGGGTG,PCR amp,pDONR223-C,86994932,
CWML79,Hs RMRP RT,ACAGCCGCGCTGAGA,,,,
CWML80,Hs RMRP XT s1 F,GTCTCGTGGGCTCGGAGATGTGTATAAGAGACAGNNNNNGGTTCGTGCTGAAGGC,,,,
CWML81,Hs RMRP XT s1 R,TCGTCGGCAGCGTCAGATGTGTATAAGAGACAGNNNNNACAGCCGCGCTGAGA,,,,
